-- author
insert into authors (id, first_name, last_name, biography, photo) values (1, 'Ursulina', 'Thorsby', 'Praesent id massa id nisl venenatis lacinia. Aenean sit amet justo. Morbi ut odio. Cras mi pede, malesuada in, imperdiet et, commodo vulputate, justo. In blandit ultrices enim. Lorem ipsum dolor sit amet, consectetuer adipiscing elit. Proin interdum mauris non ligula pellentesque ultrices. Phasellus id sapien in sapien iaculis congue. Vivamus metus arcu, adipiscing molestie, hendrerit at, vulputate vitae, nisl. Aenean lectus. Pellentesque eget nunc. Donec quis orci eget orci vehicula condimentum. Curabitur in libero ut massa volutpat convallis.', 'http://dummyimage.com/150x180.png/5fa2dd/ffffff');
insert into authors (id, first_name, last_name, biography, photo) values (2, 'Levy', 'McWilliams', 'In hac habitasse platea dictumst. Aliquam augue quam, sollicitudin vitae, consectetuer eget, rutrum at, lorem. Integer tincidunt ante vel ipsum. Praesent blandit lacinia erat. Vestibulum sed magna at nunc commodo placerat. Praesent blandit. Nam nulla. Integer pede justo, lacinia eget, tincidunt eget, tempus vel, pede. Morbi porttitor lorem id ligula. Suspendisse ornare consequat lectus. In est risus, auctor sed, tristique in, tempus sit amet, sem. Fusce consequat. Nulla nisl. Nunc nisl.', 'http://dummyimage.com/150x180.png/5fa2dd/ffffff');
insert into authors (id, first_name, last_name, biography, photo) values (3, 'Chiquia', 'Klishin', 'Integer non velit. Donec diam neque, vestibulum eget, vulputate ut, ultrices vel, augue. Vestibulum ante ipsum primis in faucibus orci luctus et ultrices posuere cubilia Curae; Donec pharetra, magna vestibulum aliquet ultrices, erat tortor sollicitudin mi, sit amet lobortis sapien sapien non mi. Integer ac neque. Duis bibendum. Morbi non quam nec dui luctus rutrum. Nulla tellus. In sagittis dui vel nisl. Duis ac nibh. Fusce lacus purus, aliquet at, feugiat non, pretium quis, lectus. Suspendisse potenti.', 'http://dummyimage.com/150x180.png/5fa2dd/ffffff');
insert into authors (id, first_name, last_name, biography, photo) values (4, 'Lammond', 'Tyer', 'Donec ut dolor. Morbi vel lectus in quam fringilla rhoncus. Mauris enim leo, rhoncus sed, vestibulum sit amet, cursus id, turpis. Integer aliquet, massa id lobortis convallis, tortor risus dapibus augue, vel accumsan tellus nisi eu orci. Mauris lacinia sapien quis libero. Nullam sit amet turpis elementum ligula vehicula consequat. Morbi a ipsum. Integer a nibh. In quis justo. Maecenas rhoncus aliquam lacus. Morbi quis tortor id nulla ultrices aliquet. Maecenas leo odio, condimentum id, luctus nec, molestie sed, justo. Pellentesque viverra pede ac diam. Cras pellentesque volutpat dui. Maecenas tristique, est et tempus semper, est quam pharetra magna, ac consequat metus sapien ut nunc.', 'http://dummyimage.com/150x180.png/5fa2dd/ffffff');
insert into authors (id, first_name, last_name, biography, photo) values (5, 'Hank', 'Giacopini', 'Pellentesque eget nunc. Donec quis orci eget orci vehicula condimentum. Curabitur in libero ut massa volutpat convallis. Morbi odio odio, elementum eu, interdum eu, tincidunt in, leo. Maecenas pulvinar lobortis est. Phasellus sit amet erat. Nulla tempus. Vivamus in felis eu sapien cursus vestibulum. Proin eu mi. Nulla ac enim. In tempor, turpis nec euismod scelerisque, quam turpis adipiscing lorem, vitae mattis nibh ligula nec sem. Duis aliquam convallis nunc. Proin at turpis a pede posuere nonummy. Integer non velit.', 'http://dummyimage.com/150x180.png/5fa2dd/ffffff');
insert into authors (id, first_name, last_name, biography, photo) values (6, 'Joline', 'Griffin', 'Proin interdum mauris non ligula pellentesque ultrices. Phasellus id sapien in sapien iaculis congue. Vivamus metus arcu, adipiscing molestie, hendrerit at, vulputate vitae, nisl. Aenean lectus. Pellentesque eget nunc. Donec quis orci eget orci vehicula condimentum. Curabitur in libero ut massa volutpat convallis. Morbi odio odio, elementum eu, interdum eu, tincidunt in, leo. Maecenas pulvinar lobortis est. Phasellus sit amet erat. Nulla tempus.', 'http://dummyimage.com/150x180.png/5fa2dd/ffffff');
insert into authors (id, first_name, last_name, biography, photo) values (7, 'Edyth', 'Hutchins', 'Maecenas pulvinar lobortis est. Phasellus sit amet erat. Nulla tempus. Vivamus in felis eu sapien cursus vestibulum. Proin eu mi. Nulla ac enim. In tempor, turpis nec euismod scelerisque, quam turpis adipiscing lorem, vitae mattis nibh ligula nec sem.', 'http://dummyimage.com/150x180.png/5fa2dd/ffffff');
insert into authors (id, first_name, last_name, biography, photo) values (8, 'Jemie', 'Fritchley', 'Cum sociis natoque penatibus et magnis dis parturient montes, nascetur ridiculus mus. Etiam vel augue. Vestibulum rutrum rutrum neque. Aenean auctor gravida sem. Praesent id massa id nisl venenatis lacinia. Aenean sit amet justo. Morbi ut odio.', 'http://dummyimage.com/150x180.png/5fa2dd/ffffff');
insert into authors (id, first_name, last_name, biography, photo) values (9, 'Bertha', 'Brownhill', 'Donec dapibus. Duis at velit eu est congue elementum. In hac habitasse platea dictumst. Morbi vestibulum, velit id pretium iaculis, diam erat fermentum justo, nec condimentum neque sapien placerat ante. Nulla justo. Aliquam quis turpis eget elit sodales scelerisque. Mauris sit amet eros.', 'http://dummyimage.com/150x180.png/5fa2dd/ffffff');
insert into authors (id, first_name, last_name, biography, photo) values (10, 'Misti', 'Brownscombe', 'Cum sociis natoque penatibus et magnis dis parturient montes, nascetur ridiculus mus. Vivamus vestibulum sagittis sapien. Cum sociis natoque penatibus et magnis dis parturient montes, nascetur ridiculus mus. Etiam vel augue. Vestibulum rutrum rutrum neque. Aenean auctor gravida sem. Praesent id massa id nisl venenatis lacinia.', 'http://dummyimage.com/150x180.png/5fa2dd/ffffff');
insert into authors (id, first_name, last_name, biography, photo) values (11, 'Kent', 'Collinson', 'Morbi vestibulum, velit id pretium iaculis, diam erat fermentum justo, nec condimentum neque sapien placerat ante. Nulla justo. Aliquam quis turpis eget elit sodales scelerisque. Mauris sit amet eros. Suspendisse accumsan tortor quis turpis. Sed ante. Vivamus tortor. Duis mattis egestas metus.', 'http://dummyimage.com/150x180.png/5fa2dd/ffffff');
insert into authors (id, first_name, last_name, biography, photo) values (12, 'Cedric', 'Adolf', 'Nam nulla. Integer pede justo, lacinia eget, tincidunt eget, tempus vel, pede. Morbi porttitor lorem id ligula. Suspendisse ornare consequat lectus. In est risus, auctor sed, tristique in, tempus sit amet, sem. Fusce consequat. Nulla nisl. Nunc nisl. Duis bibendum, felis sed interdum venenatis, turpis enim blandit mi, in porttitor pede justo eu massa. Donec dapibus. Duis at velit eu est congue elementum. In hac habitasse platea dictumst.', 'http://dummyimage.com/150x180.png/5fa2dd/ffffff');
insert into authors (id, first_name, last_name, biography, photo) values (13, 'Langsdon', 'Allred', 'Donec ut mauris eget massa tempor convallis. Nulla neque libero, convallis eget, eleifend luctus, ultricies eu, nibh. Quisque id justo sit amet sapien dignissim vestibulum. Vestibulum ante ipsum primis in faucibus orci luctus et ultrices posuere cubilia Curae; Nulla dapibus dolor vel est. Donec odio justo, sollicitudin ut, suscipit a, feugiat et, eros. Vestibulum ac est lacinia nisi venenatis tristique. Fusce congue, diam id ornare imperdiet, sapien urna pretium nisl, ut volutpat sapien arcu sed augue. Aliquam erat volutpat. In congue. Etiam justo. Etiam pretium iaculis justo. In hac habitasse platea dictumst. Etiam faucibus cursus urna. Ut tellus.', 'http://dummyimage.com/150x180.png/5fa2dd/ffffff');
insert into authors (id, first_name, last_name, biography, photo) values (14, 'Danni', 'Plak', 'Nam congue, risus semper porta volutpat, quam pede lobortis ligula, sit amet eleifend pede libero quis orci. Nullam molestie nibh in lectus. Pellentesque at nulla. Suspendisse potenti. Cras in purus eu magna vulputate luctus. Cum sociis natoque penatibus et magnis dis parturient montes, nascetur ridiculus mus. Vivamus vestibulum sagittis sapien. Cum sociis natoque penatibus et magnis dis parturient montes, nascetur ridiculus mus. Etiam vel augue. Vestibulum rutrum rutrum neque.', 'http://dummyimage.com/150x180.png/5fa2dd/ffffff');
insert into authors (id, first_name, last_name, biography, photo) values (15, 'Dorian', 'Braiden', 'Morbi porttitor lorem id ligula. Suspendisse ornare consequat lectus. In est risus, auctor sed, tristique in, tempus sit amet, sem. Fusce consequat. Nulla nisl. Nunc nisl. Duis bibendum, felis sed interdum venenatis, turpis enim blandit mi, in porttitor pede justo eu massa.', 'http://dummyimage.com/150x180.png/5fa2dd/ffffff');
insert into authors (id, first_name, last_name, biography, photo) values (16, 'Brodie', 'Nowaczyk', 'Cras in purus eu magna vulputate luctus. Cum sociis natoque penatibus et magnis dis parturient montes, nascetur ridiculus mus. Vivamus vestibulum sagittis sapien. Cum sociis natoque penatibus et magnis dis parturient montes, nascetur ridiculus mus. Etiam vel augue. Vestibulum rutrum rutrum neque. Aenean auctor gravida sem. Praesent id massa id nisl venenatis lacinia. Aenean sit amet justo. Morbi ut odio. Cras mi pede, malesuada in, imperdiet et, commodo vulputate, justo. In blandit ultrices enim. Lorem ipsum dolor sit amet, consectetuer adipiscing elit. Proin interdum mauris non ligula pellentesque ultrices. Phasellus id sapien in sapien iaculis congue.', 'http://dummyimage.com/150x180.png/5fa2dd/ffffff');
insert into authors (id, first_name, last_name, biography, photo) values (17, 'Aila', 'Robjant', 'Phasellus sit amet erat. Nulla tempus. Vivamus in felis eu sapien cursus vestibulum. Proin eu mi. Nulla ac enim. In tempor, turpis nec euismod scelerisque, quam turpis adipiscing lorem, vitae mattis nibh ligula nec sem. Duis aliquam convallis nunc. Proin at turpis a pede posuere nonummy. Integer non velit. Donec diam neque, vestibulum eget, vulputate ut, ultrices vel, augue. Vestibulum ante ipsum primis in faucibus orci luctus et ultrices posuere cubilia Curae; Donec pharetra, magna vestibulum aliquet ultrices, erat tortor sollicitudin mi, sit amet lobortis sapien sapien non mi. Integer ac neque. Duis bibendum.', 'http://dummyimage.com/150x180.png/5fa2dd/ffffff');
insert into authors (id, first_name, last_name, biography, photo) values (18, 'Chloris', 'Lacroix', 'Vestibulum quam sapien, varius ut, blandit non, interdum in, ante. Vestibulum ante ipsum primis in faucibus orci luctus et ultrices posuere cubilia Curae; Duis faucibus accumsan odio. Curabitur convallis. Duis consequat dui nec nisi volutpat eleifend. Donec ut dolor. Morbi vel lectus in quam fringilla rhoncus. Mauris enim leo, rhoncus sed, vestibulum sit amet, cursus id, turpis. Integer aliquet, massa id lobortis convallis, tortor risus dapibus augue, vel accumsan tellus nisi eu orci.', 'http://dummyimage.com/150x180.png/5fa2dd/ffffff');
insert into authors (id, first_name, last_name, biography, photo) values (19, 'Kaitlyn', 'Ribchester', 'Vestibulum sed magna at nunc commodo placerat. Praesent blandit. Nam nulla. Integer pede justo, lacinia eget, tincidunt eget, tempus vel, pede. Morbi porttitor lorem id ligula. Suspendisse ornare consequat lectus. In est risus, auctor sed, tristique in, tempus sit amet, sem.', 'http://dummyimage.com/150x180.png/5fa2dd/ffffff');
insert into authors (id, first_name, last_name, biography, photo) values (20, 'Jennie', 'Foad', 'Mauris sit amet eros. Suspendisse accumsan tortor quis turpis. Sed ante. Vivamus tortor. Duis mattis egestas metus. Aenean fermentum. Donec ut mauris eget massa tempor convallis. Nulla neque libero, convallis eget, eleifend luctus, ultricies eu, nibh. Quisque id justo sit amet sapien dignissim vestibulum. Vestibulum ante ipsum primis in faucibus orci luctus et ultrices posuere cubilia Curae; Nulla dapibus dolor vel est. Donec odio justo, sollicitudin ut, suscipit a, feugiat et, eros. Vestibulum ac est lacinia nisi venenatis tristique.', 'http://dummyimage.com/150x180.png/5fa2dd/ffffff');
insert into authors (id, first_name, last_name, biography, photo) values (21, 'Hedwig', 'Anderl', 'Integer aliquet, massa id lobortis convallis, tortor risus dapibus augue, vel accumsan tellus nisi eu orci. Mauris lacinia sapien quis libero. Nullam sit amet turpis elementum ligula vehicula consequat. Morbi a ipsum. Integer a nibh. In quis justo. Maecenas rhoncus aliquam lacus. Morbi quis tortor id nulla ultrices aliquet. Maecenas leo odio, condimentum id, luctus nec, molestie sed, justo. Pellentesque viverra pede ac diam. Cras pellentesque volutpat dui. Maecenas tristique, est et tempus semper, est quam pharetra magna, ac consequat metus sapien ut nunc. Vestibulum ante ipsum primis in faucibus orci luctus et ultrices posuere cubilia Curae; Mauris viverra diam vitae quam. Suspendisse potenti.', 'http://dummyimage.com/150x180.png/5fa2dd/ffffff');


-- genre
insert into genres (id, slug, name, parent_id) values (1, 'genre-yjw-656', 'Лёгкое чтение', NULL);
insert into genres (id, slug, name, parent_id) values (2, 'genre-rtr-019', 'Фантастика', 1);
insert into genres (id, slug, name, parent_id) values (3, 'genre-pyp-511', 'Боевики', 1);
insert into genres (id, slug, name, parent_id) values (4, 'genre-fxh-496', 'Детективы', 1);
insert into genres (id, slug, name, parent_id) values (5, 'genre-euy-486', 'Триллер', 4);
insert into genres (id, slug, name, parent_id) values (6, 'genre-lqz-324', 'Крутой детектив', 4);
insert into genres (id, slug, name, parent_id) values (7, 'genre-skq-992', 'Иронический детектив', 4);
insert into genres (id, slug, name, parent_id) values (8, 'genre-rxp-101', 'Про маньяков', 4);
insert into genres (id, slug, name, parent_id) values (9, 'genre-umx-057', 'Шпионский детектив', 4);
insert into genres (id, slug, name, parent_id) values (10, 'genre-cuj-845', 'Криминальный детектив', 4);
insert into genres (id, slug, name, parent_id) values (11, 'genre-vgx-431', 'Классический детектив', 4);
insert into genres (id, slug, name, parent_id) values (12, 'genre-vsr-407', 'Политический детектив', 4);
insert into genres (id, slug, name, parent_id) values (13, 'genre-csl-456', 'Фэнтези', 1);
insert into genres (id, slug, name, parent_id) values (14, 'genre-lyb-785', 'Романы', 1);
insert into genres (id, slug, name, parent_id) values (15, 'genre-wbl-178', 'Ужасы', 1);
insert into genres (id, slug, name, parent_id) values (16, 'genre-xdz-610', 'Приключения', 1);
insert into genres (id, slug, name, parent_id) values (17, 'genre-tez-322', 'Серьёзное чтение', NULL);
insert into genres (id, slug, name, parent_id) values (18, 'genre-qzx-730', 'Биографии', 17);
insert into genres (id, slug, name, parent_id) values (19, 'genre-wzz-418', 'Деловая литература', NULL);
insert into genres (id, slug, name, parent_id) values (20, 'genre-zra-956', 'Деловая литература', 19);
insert into genres (id, slug, name, parent_id) values (21, 'genre-neq-294', 'Управление экономикой', 19);
insert into genres (id, slug, name, parent_id) values (22, 'genre-rld-964', 'Карьера', 19);
insert into genres (id, slug, name, parent_id) values (23, 'genre-zdk-437', 'Маркетинг', 19);
insert into genres (id, slug, name, parent_id) values (24, 'genre-mau-380', 'PR', 19);
insert into genres (id, slug, name, parent_id) values (25, 'genre-dts-655', 'реклама', 19);
insert into genres (id, slug, name, parent_id) values (26, 'genre-unu-919', 'Финансы', 19);
insert into genres (id, slug, name, parent_id) values (27, 'genre-cwa-384', 'Бизнес-справочники', 19);
insert into genres (id, slug, name, parent_id) values (28, 'genre-xjn-671', 'Личные финансы', 19);
insert into genres (id, slug, name, parent_id) values (29, 'genre-phq-036', 'Менеджмент', 19);
insert into genres (id, slug, name, parent_id) values (30, 'genre-fzx-860', 'Зарубежная деловая литература', 19);
insert into genres (id, slug, name, parent_id) values (31, 'genre-hnc-273', 'Личная эффективность', 19);
insert into genres (id, slug, name, parent_id) values (32, 'genre-vbm-173', 'Тайм-менеджмент', 19);
insert into genres (id, slug, name, parent_id) values (33, 'genre-mzt-598', 'Малый бизнес', 19);
insert into genres (id, slug, name, parent_id) values (34, 'genre-xlh-690', 'Продажи', 19);
insert into genres (id, slug, name, parent_id) values (35, 'genre-maf-709', 'Стартапы и создание бизнеса', 19);
insert into genres (id, slug, name, parent_id) values (36, 'genre-hpd-985', 'Корпоративная культура', 19);
insert into genres (id, slug, name, parent_id) values (37, 'genre-rof-549', 'Банковское дело', 19);
insert into genres (id, slug, name, parent_id) values (38, 'genre-ayi-335', 'Логистика', 19);
insert into genres (id, slug, name, parent_id) values (39, 'genre-wbv-073', 'Недвижимость', 19);
insert into genres (id, slug, name, parent_id) values (40, 'genre-kso-596', 'Интернет-бизнес', 19);
insert into genres (id, slug, name, parent_id) values (41, 'genre-inl-410', 'Ораторское искусство / риторика', 19);
insert into genres (id, slug, name, parent_id) values (42, 'genre-lya-161', 'Привлечение клиентов и лояльность', 19);
insert into genres (id, slug, name, parent_id) values (43, 'genre-gzb-835', 'Делопроизводство', 19);
insert into genres (id, slug, name, parent_id) values (44, 'genre-sju-432', 'Переговоры', 19);
insert into genres (id, slug, name, parent_id) values (45, 'genre-fls-053', 'Государственное и муниципальное управление', 19);
insert into genres (id, slug, name, parent_id) values (46, 'genre-zrd-445', 'политическое управление', 19);
insert into genres (id, slug, name, parent_id) values (47, 'genre-mts-178', 'О бизнесе популярно', 19);
insert into genres (id, slug, name, parent_id) values (48, 'genre-ral-150', 'Ценные бумаги / инвестиции', 19);
insert into genres (id, slug, name, parent_id) values (49, 'genre-uxq-969', 'Бухучет / налогообложение / аудит', 19);
insert into genres (id, slug, name, parent_id) values (50, 'genre-lmj-082', 'Российская практика', 19);
insert into genres (id, slug, name, parent_id) values (51, 'genre-cpl-504', 'Истории успеха', 19);
insert into genres (id, slug, name, parent_id) values (52, 'genre-gev-614', 'Интернет-маркетинг', 19);
insert into genres (id, slug, name, parent_id) values (53, 'genre-jyx-859', 'Лидерство', 19);
insert into genres (id, slug, name, parent_id) values (54, 'genre-epa-020', 'Проектный менеджмент', 19);
insert into genres (id, slug, name, parent_id) values (55, 'genre-jle-864', 'Управление качеством', 19);
insert into genres (id, slug, name, parent_id) values (56, 'genre-ook-700', 'Финансовый менеджмент', 19);
insert into genres (id, slug, name, parent_id) values (57, 'genre-efv-979', 'Управление персоналом', 19);
insert into genres (id, slug, name, parent_id) values (58, 'genre-fvs-344', 'Бизнес-процессы', 19);
insert into genres (id, slug, name, parent_id) values (59, 'genre-akq-727', 'Управление бизнесом', 19);
insert into genres (id, slug, name, parent_id) values (60, 'genre-qpg-795', 'Лёгкое чтение', 19);

-- tag
insert into tags (id, name) values (1, 'современная литература');
insert into tags (id, name) values (2, 'классическая литература');
insert into tags (id, name) values (3, 'зарубежная литература');
insert into tags (id, name) values (4, 'фэнтези');
insert into tags (id, name) values (5, 'английская литература');
insert into tags (id, name) values (6, 'русская литература');
insert into tags (id, name) values (7, 'американская литература');
insert into tags (id, name) values (8, 'фантастика');
insert into tags (id, name) values (9, 'детская литература');
insert into tags (id, name) values (10, 'детектив');
insert into tags (id, name) values (11, 'любовь');
insert into tags (id, name) values (12, 'мистика');
insert into tags (id, name) values (13, 'юмор');
insert into tags (id, name) values (14, 'приключения');
insert into tags (id, name) values (15, 'сказка');
insert into tags (id, name) values (16, 'французская литература');
insert into tags (id, name) values (17, 'англия');
insert into tags (id, name) values (18, 'художественная литература');
insert into tags (id, name) values (19, 'психология');
insert into tags (id, name) values (20, 'философия');
insert into tags (id, name) values (21, 'экранизировано');
insert into tags (id, name) values (22, 'любимое');
insert into tags (id, name) values (23, 'антиутопия');
insert into tags (id, name) values (24, 'books you must read before you die');
insert into tags (id, name) values (25, 'роман');
insert into tags (id, name) values (26, 'франция');
insert into tags (id, name) values (27, 'дайте две');
insert into tags (id, name) values (28, 'young adult');
insert into tags (id, name) values (29, 'война');
insert into tags (id, name) values (30, 'история');
insert into tags (id, name) values (31, 'флэшмоб 2016');
insert into tags (id, name) values (32, 'детство');
insert into tags (id, name) values (33, 'жизнь');
insert into tags (id, name) values (34, 'драма');
insert into tags (id, name) values (35, 'россия');
insert into tags (id, name) values (36, 'книжное путешествие');
insert into tags (id, name) values (37, 'советская литература');
insert into tags (id, name) values (38, 'триллер');
insert into tags (id, name) values (39, 'америка');
insert into tags (id, name) values (40, 'немецкая литература');
insert into tags (id, name) values (41, 'вампиры');
insert into tags (id, name) values (42, 'школьная программа');
insert into tags (id, name) values (43, 'рассказы');
insert into tags (id, name) values (44, 'магия');
insert into tags (id, name) values (45, 'дети');
insert into tags (id, name) values (46, 'русская классика');
insert into tags (id, name) values (47, 'флэшмоб 2015');
insert into tags (id, name) values (48, 'биография');
insert into tags (id, name) values (49, 'english');

-- book
insert into books (id, pub_date, is_bestseller, slug, title, image, description, price, discount_price, author_id, purchase_amount, in_cart_amount, postponed_amount, genre_id) values (1, '2020-12-16', 0, 'book-iem-151', 'Kevin Hart: Let Me Explain', 'http://dummyimage.com/600x943.png/5fa2dd/ffffff', 'Mauris sit amet eros. Suspendisse accumsan tortor quis turpis. Sed ante. Vivamus tortor. Duis mattis egestas metus.', 2476, 0.23, 7, 1384, 4090, 7321, 36);
insert into books (id, pub_date, is_bestseller, slug, title, image, description, price, discount_price, author_id, purchase_amount, in_cart_amount, postponed_amount, genre_id) values (2, '2021-01-18', 0, 'book-iod-942', 'Friend Is a Treasure, A (Chi Trova Un Amico, Trova un Tesoro) (Who Finds a Friend Finds a Treasure)', 'http://dummyimage.com/600x943.png/5fa2dd/ffffff', 'Pellentesque viverra pede ac diam. Cras pellentesque volutpat dui. Maecenas tristique, est et tempus semper, est quam pharetra magna, ac consequat metus sapien ut nunc. Vestibulum ante ipsum primis in faucibus orci luctus et ultrices posuere cubilia Curae; Mauris viverra diam vitae quam. Suspendisse potenti.', 4942, 0.16, 12, 1369, 4547, 6520, 37);
insert into books (id, pub_date, is_bestseller, slug, title, image, description, price, discount_price, author_id, purchase_amount, in_cart_amount, postponed_amount, genre_id) values (3, '2021-08-15', 0, 'book-nvs-856', 'Kill the Messenger', 'http://dummyimage.com/600x943.png/5fa2dd/ffffff', 'Aenean auctor gravida sem. Praesent id massa id nisl venenatis lacinia. Aenean sit amet justo. Morbi ut odio. Cras mi pede, malesuada in, imperdiet et, commodo vulputate, justo.', 2431, 0.46, 12, 2897, 3128, 8127, 46);
insert into books (id, pub_date, is_bestseller, slug, title, image, description, price, discount_price, author_id, purchase_amount, in_cart_amount, postponed_amount, genre_id) values (4, '2021-02-19', 1, 'book-kzx-831', 'Strange Little Cat, The (Das merkwurdige Katzchen)', 'http://dummyimage.com/600x943.png/5fa2dd/ffffff', 'Vestibulum ante ipsum primis in faucibus orci luctus et ultrices posuere cubilia Curae; Duis faucibus accumsan odio. Curabitur convallis. Duis consequat dui nec nisi volutpat eleifend. Donec ut dolor. Morbi vel lectus in quam fringilla rhoncus.', 1493, 0.1, 21, 1729, 4645, 7355, 32);
insert into books (id, pub_date, is_bestseller, slug, title, image, description, price, discount_price, author_id, purchase_amount, in_cart_amount, postponed_amount, genre_id) values (5, '2021-07-20', 1, 'book-hei-468', 'Counsellor at Law', 'http://dummyimage.com/600x943.png/5fa2dd/ffffff', 'In sagittis dui vel nisl. Duis ac nibh. Fusce lacus purus, aliquet at, feugiat non, pretium quis, lectus. Suspendisse potenti. In eleifend quam a odio.', 1144, 0.29, 2, 2263, 3698, 5121, 35);
insert into books (id, pub_date, is_bestseller, slug, title, image, description, price, discount_price, author_id, purchase_amount, in_cart_amount, postponed_amount, genre_id) values (6, '2021-05-25', 1, 'book-jej-221', 'Twelve Chairs, The', 'http://dummyimage.com/600x943.png/5fa2dd/ffffff', 'Morbi non quam nec dui luctus rutrum. Nulla tellus. In sagittis dui vel nisl. Duis ac nibh. Fusce lacus purus, aliquet at, feugiat non, pretium quis, lectus. Suspendisse potenti.', 2270, 0.19, 7, 2223, 4806, 5747, 39);
insert into books (id, pub_date, is_bestseller, slug, title, image, description, price, discount_price, author_id, purchase_amount, in_cart_amount, postponed_amount, genre_id) values (7, '2021-01-26', 1, 'book-tll-820', 'Starman', 'http://dummyimage.com/600x943.png/5fa2dd/ffffff', 'Aliquam non mauris. Morbi non lectus. Aliquam sit amet diam in magna bibendum imperdiet. Nullam orci pede, venenatis non, sodales sed, tincidunt eu, felis. Fusce posuere felis sed lacus.', 4657, 0.16, 5, 2342, 4037, 5554, 52);
insert into books (id, pub_date, is_bestseller, slug, title, image, description, price, discount_price, author_id, purchase_amount, in_cart_amount, postponed_amount, genre_id) values (8, '2020-11-26', 1, 'book-rnz-058', 'Strangers on a Train', 'http://dummyimage.com/600x943.png/5fa2dd/ffffff', 'Proin risus. Praesent lectus. Vestibulum quam sapien, varius ut, blandit non, interdum in, ante. Vestibulum ante ipsum primis in faucibus orci luctus et ultrices posuere cubilia Curae; Duis faucibus accumsan odio. Curabitur convallis.', 2988, 0.19, 5, 1432, 3217, 5596, 48);
insert into books (id, pub_date, is_bestseller, slug, title, image, description, price, discount_price, author_id, purchase_amount, in_cart_amount, postponed_amount, genre_id) values (9, '2021-09-14', 0, 'book-syg-385', 'State Affairs (Une affaire d''etat)', 'http://dummyimage.com/600x943.png/5fa2dd/ffffff', 'Nullam molestie nibh in lectus. Pellentesque at nulla. Suspendisse potenti. Cras in purus eu magna vulputate luctus. Cum sociis natoque penatibus et magnis dis parturient montes, nascetur ridiculus mus. Vivamus vestibulum sagittis sapien.', 3128, 0.1, 6, 2297, 3295, 5947, 32);
insert into books (id, pub_date, is_bestseller, slug, title, image, description, price, discount_price, author_id, purchase_amount, in_cart_amount, postponed_amount, genre_id) values (10, '2021-07-03', 0, 'book-cky-258', 'Conan the Barbarian', 'http://dummyimage.com/600x943.png/5fa2dd/ffffff', 'Fusce lacus purus, aliquet at, feugiat non, pretium quis, lectus. Suspendisse potenti. In eleifend quam a odio. In hac habitasse platea dictumst. Maecenas ut massa quis augue luctus tincidunt.', 1185, 0.29, 21, 2891, 4039, 5173, 13);
insert into books (id, pub_date, is_bestseller, slug, title, image, description, price, discount_price, author_id, purchase_amount, in_cart_amount, postponed_amount, genre_id) values (11, '2020-11-18', 1, 'book-gbu-121', 'Glass Menagerie, The', 'http://dummyimage.com/600x943.png/5fa2dd/ffffff', 'Praesent blandit lacinia erat. Vestibulum sed magna at nunc commodo placerat. Praesent blandit. Nam nulla. Integer pede justo, lacinia eget, tincidunt eget, tempus vel, pede. Morbi porttitor lorem id ligula.', 1607, 0.44, 8, 1517, 3007, 7653, 34);
insert into books (id, pub_date, is_bestseller, slug, title, image, description, price, discount_price, author_id, purchase_amount, in_cart_amount, postponed_amount, genre_id) values (12, '2021-07-18', 0, 'book-gzo-466', 'Battlestar Galactica', 'http://dummyimage.com/600x943.png/5fa2dd/ffffff', 'Praesent blandit lacinia erat. Vestibulum sed magna at nunc commodo placerat. Praesent blandit. Nam nulla. Integer pede justo, lacinia eget, tincidunt eget, tempus vel, pede. Morbi porttitor lorem id ligula.', 2668, 0.3, 12, 1134, 4611, 5548, 17);
insert into books (id, pub_date, is_bestseller, slug, title, image, description, price, discount_price, author_id, purchase_amount, in_cart_amount, postponed_amount, genre_id) values (13, '2020-12-06', 1, 'book-ptd-770', 'Touch the Top of the World', 'http://dummyimage.com/600x943.png/5fa2dd/ffffff', 'Vestibulum ante ipsum primis in faucibus orci luctus et ultrices posuere cubilia Curae; Duis faucibus accumsan odio. Curabitur convallis. Duis consequat dui nec nisi volutpat eleifend. Donec ut dolor. Morbi vel lectus in quam fringilla rhoncus.', 2087, 0.09, 2, 2888, 3797, 8189, 10);
insert into books (id, pub_date, is_bestseller, slug, title, image, description, price, discount_price, author_id, purchase_amount, in_cart_amount, postponed_amount, genre_id) values (14, '2021-01-07', 0, 'book-cjc-793', 'The Count of Monte Cristo', 'http://dummyimage.com/600x943.png/5fa2dd/ffffff', 'Nullam sit amet turpis elementum ligula vehicula consequat. Morbi a ipsum. Integer a nibh. In quis justo. Maecenas rhoncus aliquam lacus.', 4921, 0.06, 13, 1293, 3545, 5466, 24);
insert into books (id, pub_date, is_bestseller, slug, title, image, description, price, discount_price, author_id, purchase_amount, in_cart_amount, postponed_amount, genre_id) values (15, '2021-02-12', 1, 'book-toa-243', 'Christmas Carol, A', 'http://dummyimage.com/600x943.png/5fa2dd/ffffff', 'Integer a nibh. In quis justo. Maecenas rhoncus aliquam lacus. Morbi quis tortor id nulla ultrices aliquet. Maecenas leo odio, condimentum id, luctus nec, molestie sed, justo.', 1277, 0.21, 10, 1491, 4828, 6600, 26);
insert into books (id, pub_date, is_bestseller, slug, title, image, description, price, discount_price, author_id, purchase_amount, in_cart_amount, postponed_amount, genre_id) values (16, '2021-02-07', 0, 'book-yex-147', 'Conan O''Brien Can''t Stop', 'http://dummyimage.com/600x943.png/5fa2dd/ffffff', 'Nunc purus. Phasellus in felis. Donec semper sapien a libero. Nam dui. Proin leo odio, porttitor id, consequat in, consequat ut, nulla.', 4748, 0.28, 20, 1599, 3769, 8626, 14);
insert into books (id, pub_date, is_bestseller, slug, title, image, description, price, discount_price, author_id, purchase_amount, in_cart_amount, postponed_amount, genre_id) values (17, '2021-03-02', 0, 'book-phm-197', 'Onibaba', 'http://dummyimage.com/600x943.png/5fa2dd/ffffff', 'Praesent lectus. Vestibulum quam sapien, varius ut, blandit non, interdum in, ante. Vestibulum ante ipsum primis in faucibus orci luctus et ultrices posuere cubilia Curae; Duis faucibus accumsan odio. Curabitur convallis. Duis consequat dui nec nisi volutpat eleifend.', 2794, 0.08, 20, 2501, 3747, 7486, 11);
insert into books (id, pub_date, is_bestseller, slug, title, image, description, price, discount_price, author_id, purchase_amount, in_cart_amount, postponed_amount, genre_id) values (18, '2021-03-03', 0, 'book-lby-757', 'Casting Couch', 'http://dummyimage.com/600x943.png/5fa2dd/ffffff', 'Etiam vel augue. Vestibulum rutrum rutrum neque. Aenean auctor gravida sem. Praesent id massa id nisl venenatis lacinia. Aenean sit amet justo. Morbi ut odio.', 4276, 0.36, 9, 2550, 4356, 6418, 11);
insert into books (id, pub_date, is_bestseller, slug, title, image, description, price, discount_price, author_id, purchase_amount, in_cart_amount, postponed_amount, genre_id) values (19, '2021-05-09', 1, 'book-wib-526', 'Payback', 'http://dummyimage.com/600x943.png/5fa2dd/ffffff', 'Maecenas pulvinar lobortis est. Phasellus sit amet erat. Nulla tempus. Vivamus in felis eu sapien cursus vestibulum. Proin eu mi.', 3899, 0.33, 11, 2426, 4937, 8486, 53);
insert into books (id, pub_date, is_bestseller, slug, title, image, description, price, discount_price, author_id, purchase_amount, in_cart_amount, postponed_amount, genre_id) values (20, '2020-10-17', 1, 'book-hev-697', 'Beginners', 'http://dummyimage.com/600x943.png/5fa2dd/ffffff', 'Pellentesque at nulla. Suspendisse potenti. Cras in purus eu magna vulputate luctus. Cum sociis natoque penatibus et magnis dis parturient montes, nascetur ridiculus mus. Vivamus vestibulum sagittis sapien. Cum sociis natoque penatibus et magnis dis parturient montes, nascetur ridiculus mus.', 2635, 0.38, 9, 2170, 3284, 5214, 48);
insert into books (id, pub_date, is_bestseller, slug, title, image, description, price, discount_price, author_id, purchase_amount, in_cart_amount, postponed_amount, genre_id) values (21, '2021-06-03', 0, 'book-mva-343', 'Kill Me Again', 'http://dummyimage.com/600x943.png/5fa2dd/ffffff', 'In eleifend quam a odio. In hac habitasse platea dictumst. Maecenas ut massa quis augue luctus tincidunt. Nulla mollis molestie lorem. Quisque ut erat.', 3647, 0.48, 21, 1504, 4300, 8441, 48);
insert into books (id, pub_date, is_bestseller, slug, title, image, description, price, discount_price, author_id, purchase_amount, in_cart_amount, postponed_amount, genre_id) values (22, '2021-06-08', 1, 'book-qbz-682', 'Fall of the Republic: The Presidency of Barack H. Obama', 'http://dummyimage.com/600x943.png/5fa2dd/ffffff', 'In blandit ultrices enim. Lorem ipsum dolor sit amet, consectetuer adipiscing elit. Proin interdum mauris non ligula pellentesque ultrices. Phasellus id sapien in sapien iaculis congue. Vivamus metus arcu, adipiscing molestie, hendrerit at, vulputate vitae, nisl. Aenean lectus.', 4266, 0.47, 13, 2875, 3252, 8486, 25);
insert into books (id, pub_date, is_bestseller, slug, title, image, description, price, discount_price, author_id, purchase_amount, in_cart_amount, postponed_amount, genre_id) values (23, '2021-01-02', 1, 'book-ijk-596', 'Young and the Dead, The', 'http://dummyimage.com/600x943.png/5fa2dd/ffffff', 'Morbi a ipsum. Integer a nibh. In quis justo. Maecenas rhoncus aliquam lacus. Morbi quis tortor id nulla ultrices aliquet. Maecenas leo odio, condimentum id, luctus nec, molestie sed, justo.', 1199, 0.31, 3, 2803, 4342, 8864, 9);
insert into books (id, pub_date, is_bestseller, slug, title, image, description, price, discount_price, author_id, purchase_amount, in_cart_amount, postponed_amount, genre_id) values (24, '2020-12-21', 1, 'book-nhu-177', 'Blue Week (Sininen viikko)', 'http://dummyimage.com/600x943.png/5fa2dd/ffffff', 'Integer non velit. Donec diam neque, vestibulum eget, vulputate ut, ultrices vel, augue. Vestibulum ante ipsum primis in faucibus orci luctus et ultrices posuere cubilia Curae; Donec pharetra, magna vestibulum aliquet ultrices, erat tortor sollicitudin mi, sit amet lobortis sapien sapien non mi. Integer ac neque. Duis bibendum. Morbi non quam nec dui luctus rutrum.', 3121, 0.21, 4, 2694, 4135, 6685, 14);
insert into books (id, pub_date, is_bestseller, slug, title, image, description, price, discount_price, author_id, purchase_amount, in_cart_amount, postponed_amount, genre_id) values (25, '2021-02-07', 1, 'book-xao-922', '120', 'http://dummyimage.com/600x943.png/5fa2dd/ffffff', 'Quisque ut erat. Curabitur gravida nisi at nibh. In hac habitasse platea dictumst. Aliquam augue quam, sollicitudin vitae, consectetuer eget, rutrum at, lorem. Integer tincidunt ante vel ipsum. Praesent blandit lacinia erat.', 2446, 0.32, 20, 1534, 3124, 8910, 54);
insert into books (id, pub_date, is_bestseller, slug, title, image, description, price, discount_price, author_id, purchase_amount, in_cart_amount, postponed_amount, genre_id) values (26, '2020-10-18', 1, 'book-aws-664', 'Bad Girl', 'http://dummyimage.com/600x943.png/5fa2dd/ffffff', 'Integer ac neque. Duis bibendum. Morbi non quam nec dui luctus rutrum. Nulla tellus. In sagittis dui vel nisl. Duis ac nibh.', 1946, 0.49, 7, 2884, 4843, 8297, 41);
insert into books (id, pub_date, is_bestseller, slug, title, image, description, price, discount_price, author_id, purchase_amount, in_cart_amount, postponed_amount, genre_id) values (27, '2021-05-17', 1, 'book-mrg-910', 'Vanishing on 7th Street', 'http://dummyimage.com/600x943.png/5fa2dd/ffffff', 'Sed ante. Vivamus tortor. Duis mattis egestas metus. Aenean fermentum. Donec ut mauris eget massa tempor convallis. Nulla neque libero, convallis eget, eleifend luctus, ultricies eu, nibh.', 4095, 0.1, 1, 2591, 3504, 5849, 16);
insert into books (id, pub_date, is_bestseller, slug, title, image, description, price, discount_price, author_id, purchase_amount, in_cart_amount, postponed_amount, genre_id) values (28, '2020-11-02', 0, 'book-jvu-116', 'Dog Run', 'http://dummyimage.com/600x943.png/5fa2dd/ffffff', 'Duis bibendum, felis sed interdum venenatis, turpis enim blandit mi, in porttitor pede justo eu massa. Donec dapibus. Duis at velit eu est congue elementum. In hac habitasse platea dictumst. Morbi vestibulum, velit id pretium iaculis, diam erat fermentum justo, nec condimentum neque sapien placerat ante.', 3054, 0.38, 18, 1547, 3879, 6038, 60);
insert into books (id, pub_date, is_bestseller, slug, title, image, description, price, discount_price, author_id, purchase_amount, in_cart_amount, postponed_amount, genre_id) values (29, '2021-07-17', 0, 'book-yai-084', 'Pooh''s Grand Adventure: The Search for Christopher Robin', 'http://dummyimage.com/600x943.png/5fa2dd/ffffff', 'Nulla facilisi. Cras non velit nec nisi vulputate nonummy. Maecenas tincidunt lacus at velit. Vivamus vel nulla eget eros elementum pellentesque. Quisque porta volutpat erat.', 3031, 0.15, 3, 2670, 4484, 7978, 40);
insert into books (id, pub_date, is_bestseller, slug, title, image, description, price, discount_price, author_id, purchase_amount, in_cart_amount, postponed_amount, genre_id) values (30, '2020-10-25', 0, 'book-fzm-296', 'Goliath Awaits', 'http://dummyimage.com/600x943.png/5fa2dd/ffffff', 'Integer non velit. Donec diam neque, vestibulum eget, vulputate ut, ultrices vel, augue. Vestibulum ante ipsum primis in faucibus orci luctus et ultrices posuere cubilia Curae; Donec pharetra, magna vestibulum aliquet ultrices, erat tortor sollicitudin mi, sit amet lobortis sapien sapien non mi. Integer ac neque. Duis bibendum. Morbi non quam nec dui luctus rutrum.', 3251, 0.29, 1, 1833, 3087, 7990, 20);
insert into books (id, pub_date, is_bestseller, slug, title, image, description, price, discount_price, author_id, purchase_amount, in_cart_amount, postponed_amount, genre_id) values (31, '2021-08-06', 1, 'book-rqw-235', 'Red Sands', 'http://dummyimage.com/600x943.png/5fa2dd/ffffff', 'Nullam sit amet turpis elementum ligula vehicula consequat. Morbi a ipsum. Integer a nibh. In quis justo. Maecenas rhoncus aliquam lacus.', 2629, 0.28, 17, 1467, 3517, 7696, 38);
insert into books (id, pub_date, is_bestseller, slug, title, image, description, price, discount_price, author_id, purchase_amount, in_cart_amount, postponed_amount, genre_id) values (32, '2021-02-20', 1, 'book-uoq-353', 'Sitcom', 'http://dummyimage.com/600x943.png/5fa2dd/ffffff', 'Sed ante. Vivamus tortor. Duis mattis egestas metus. Aenean fermentum. Donec ut mauris eget massa tempor convallis. Nulla neque libero, convallis eget, eleifend luctus, ultricies eu, nibh.', 3930, 0.26, 3, 2581, 4661, 8635, 1);
insert into books (id, pub_date, is_bestseller, slug, title, image, description, price, discount_price, author_id, purchase_amount, in_cart_amount, postponed_amount, genre_id) values (33, '2021-01-27', 1, 'book-rrs-731', 'Trances', 'http://dummyimage.com/600x943.png/5fa2dd/ffffff', 'Aenean auctor gravida sem. Praesent id massa id nisl venenatis lacinia. Aenean sit amet justo. Morbi ut odio. Cras mi pede, malesuada in, imperdiet et, commodo vulputate, justo. In blandit ultrices enim.', 4894, 0.08, 7, 1185, 4197, 8576, 33);
insert into books (id, pub_date, is_bestseller, slug, title, image, description, price, discount_price, author_id, purchase_amount, in_cart_amount, postponed_amount, genre_id) values (34, '2020-12-25', 0, 'book-ehf-844', 'Bionicle: Mask of Light (Bionicle: Mask of Light - The Movie)', 'http://dummyimage.com/600x943.png/5fa2dd/ffffff', 'Vestibulum ante ipsum primis in faucibus orci luctus et ultrices posuere cubilia Curae; Donec pharetra, magna vestibulum aliquet ultrices, erat tortor sollicitudin mi, sit amet lobortis sapien sapien non mi. Integer ac neque. Duis bibendum. Morbi non quam nec dui luctus rutrum. Nulla tellus. In sagittis dui vel nisl.', 2361, 0.49, 10, 2253, 4030, 6206, 60);
insert into books (id, pub_date, is_bestseller, slug, title, image, description, price, discount_price, author_id, purchase_amount, in_cart_amount, postponed_amount, genre_id) values (35, '2021-07-31', 1, 'book-yth-368', 'Family Weekend', 'http://dummyimage.com/600x943.png/5fa2dd/ffffff', 'Ut at dolor quis odio consequat varius. Integer ac leo. Pellentesque ultrices mattis odio. Donec vitae nisi. Nam ultrices, libero non mattis pulvinar, nulla pede ullamcorper augue, a suscipit nulla elit ac nulla. Sed vel enim sit amet nunc viverra dapibus.', 2696, 0.29, 9, 2287, 3940, 7961, 39);
insert into books (id, pub_date, is_bestseller, slug, title, image, description, price, discount_price, author_id, purchase_amount, in_cart_amount, postponed_amount, genre_id) values (36, '2021-08-27', 0, 'book-qkn-972', 'Headquarters (Paamaja) ', 'http://dummyimage.com/600x943.png/5fa2dd/ffffff', 'Cras mi pede, malesuada in, imperdiet et, commodo vulputate, justo. In blandit ultrices enim. Lorem ipsum dolor sit amet, consectetuer adipiscing elit. Proin interdum mauris non ligula pellentesque ultrices. Phasellus id sapien in sapien iaculis congue. Vivamus metus arcu, adipiscing molestie, hendrerit at, vulputate vitae, nisl.', 2218, 0.33, 8, 2128, 3106, 7294, 43);
insert into books (id, pub_date, is_bestseller, slug, title, image, description, price, discount_price, author_id, purchase_amount, in_cart_amount, postponed_amount, genre_id) values (37, '2021-03-18', 1, 'book-jft-690', 'Million Ways to Die in the West, A', 'http://dummyimage.com/600x943.png/5fa2dd/ffffff', 'Donec vitae nisi. Nam ultrices, libero non mattis pulvinar, nulla pede ullamcorper augue, a suscipit nulla elit ac nulla. Sed vel enim sit amet nunc viverra dapibus. Nulla suscipit ligula in lacus. Curabitur at ipsum ac tellus semper interdum. Mauris ullamcorper purus sit amet nulla.', 2036, 0.28, 17, 1579, 4995, 5867, 23);
insert into books (id, pub_date, is_bestseller, slug, title, image, description, price, discount_price, author_id, purchase_amount, in_cart_amount, postponed_amount, genre_id) values (38, '2021-09-14', 1, 'book-jva-267', 'Krush Groove', 'http://dummyimage.com/600x943.png/5fa2dd/ffffff', 'Nulla justo. Aliquam quis turpis eget elit sodales scelerisque. Mauris sit amet eros. Suspendisse accumsan tortor quis turpis. Sed ante. Vivamus tortor.', 2451, 0.32, 19, 2917, 4666, 7248, 17);
insert into books (id, pub_date, is_bestseller, slug, title, image, description, price, discount_price, author_id, purchase_amount, in_cart_amount, postponed_amount, genre_id) values (39, '2021-04-06', 0, 'book-miy-558', 'Guardian, The', 'http://dummyimage.com/600x943.png/5fa2dd/ffffff', 'Mauris enim leo, rhoncus sed, vestibulum sit amet, cursus id, turpis. Integer aliquet, massa id lobortis convallis, tortor risus dapibus augue, vel accumsan tellus nisi eu orci. Mauris lacinia sapien quis libero. Nullam sit amet turpis elementum ligula vehicula consequat. Morbi a ipsum.', 3116, 0.36, 8, 2585, 3480, 8119, 10);
insert into books (id, pub_date, is_bestseller, slug, title, image, description, price, discount_price, author_id, purchase_amount, in_cart_amount, postponed_amount, genre_id) values (40, '2020-12-28', 0, 'book-gub-323', 'Reversal of Fortune', 'http://dummyimage.com/600x943.png/5fa2dd/ffffff', 'Nam dui. Proin leo odio, porttitor id, consequat in, consequat ut, nulla. Sed accumsan felis. Ut at dolor quis odio consequat varius. Integer ac leo. Pellentesque ultrices mattis odio.', 4348, 0.08, 14, 1767, 4692, 6975, 6);
insert into books (id, pub_date, is_bestseller, slug, title, image, description, price, discount_price, author_id, purchase_amount, in_cart_amount, postponed_amount, genre_id) values (41, '2021-05-04', 1, 'book-gjm-236', 'Mood Indigo (L''ecume des jours)', 'http://dummyimage.com/600x943.png/5fa2dd/ffffff', 'In quis justo. Maecenas rhoncus aliquam lacus. Morbi quis tortor id nulla ultrices aliquet. Maecenas leo odio, condimentum id, luctus nec, molestie sed, justo. Pellentesque viverra pede ac diam. Cras pellentesque volutpat dui.', 1048, 0.37, 8, 1542, 4196, 6530, 23);
insert into books (id, pub_date, is_bestseller, slug, title, image, description, price, discount_price, author_id, purchase_amount, in_cart_amount, postponed_amount, genre_id) values (42, '2020-11-23', 1, 'book-ifk-764', 'Jurassic Park III', 'http://dummyimage.com/600x943.png/5fa2dd/ffffff', 'Nam nulla. Integer pede justo, lacinia eget, tincidunt eget, tempus vel, pede. Morbi porttitor lorem id ligula. Suspendisse ornare consequat lectus. In est risus, auctor sed, tristique in, tempus sit amet, sem.', 2954, 0.11, 7, 2855, 4559, 8631, 5);
insert into books (id, pub_date, is_bestseller, slug, title, image, description, price, discount_price, author_id, purchase_amount, in_cart_amount, postponed_amount, genre_id) values (43, '2021-07-13', 0, 'book-fut-795', 'Hansel & Gretel', 'http://dummyimage.com/600x943.png/5fa2dd/ffffff', 'Integer ac neque. Duis bibendum. Morbi non quam nec dui luctus rutrum. Nulla tellus. In sagittis dui vel nisl.', 1774, 0.45, 4, 1385, 4381, 8579, 28);
insert into books (id, pub_date, is_bestseller, slug, title, image, description, price, discount_price, author_id, purchase_amount, in_cart_amount, postponed_amount, genre_id) values (44, '2021-02-09', 0, 'book-vor-551', 'Hui Buh: The Castle Ghost', 'http://dummyimage.com/600x943.png/5fa2dd/ffffff', 'In hac habitasse platea dictumst. Morbi vestibulum, velit id pretium iaculis, diam erat fermentum justo, nec condimentum neque sapien placerat ante. Nulla justo. Aliquam quis turpis eget elit sodales scelerisque. Mauris sit amet eros. Suspendisse accumsan tortor quis turpis.', 3781, 0.37, 6, 1968, 4538, 6030, 39);
insert into books (id, pub_date, is_bestseller, slug, title, image, description, price, discount_price, author_id, purchase_amount, in_cart_amount, postponed_amount, genre_id) values (45, '2020-12-05', 1, 'book-lki-365', 'Steve Jobs: The Lost Interview', 'http://dummyimage.com/600x943.png/5fa2dd/ffffff', 'Proin interdum mauris non ligula pellentesque ultrices. Phasellus id sapien in sapien iaculis congue. Vivamus metus arcu, adipiscing molestie, hendrerit at, vulputate vitae, nisl. Aenean lectus. Pellentesque eget nunc.', 2181, 0.19, 2, 1296, 3989, 7411, 33);
insert into books (id, pub_date, is_bestseller, slug, title, image, description, price, discount_price, author_id, purchase_amount, in_cart_amount, postponed_amount, genre_id) values (46, '2021-08-15', 0, 'book-kzm-824', 'American: The Bill Hicks Story', 'http://dummyimage.com/600x943.png/5fa2dd/ffffff', 'Duis aliquam convallis nunc. Proin at turpis a pede posuere nonummy. Integer non velit. Donec diam neque, vestibulum eget, vulputate ut, ultrices vel, augue. Vestibulum ante ipsum primis in faucibus orci luctus et ultrices posuere cubilia Curae; Donec pharetra, magna vestibulum aliquet ultrices, erat tortor sollicitudin mi, sit amet lobortis sapien sapien non mi. Integer ac neque.', 1071, 0.16, 13, 2645, 3230, 5918, 35);
insert into books (id, pub_date, is_bestseller, slug, title, image, description, price, discount_price, author_id, purchase_amount, in_cart_amount, postponed_amount, genre_id) values (47, '2021-08-31', 1, 'book-dmb-476', 'Swan, The', 'http://dummyimage.com/600x943.png/5fa2dd/ffffff', 'Curabitur in libero ut massa volutpat convallis. Morbi odio odio, elementum eu, interdum eu, tincidunt in, leo. Maecenas pulvinar lobortis est. Phasellus sit amet erat. Nulla tempus. Vivamus in felis eu sapien cursus vestibulum.', 3079, 0.31, 12, 1201, 4294, 8473, 14);
insert into books (id, pub_date, is_bestseller, slug, title, image, description, price, discount_price, author_id, purchase_amount, in_cart_amount, postponed_amount, genre_id) values (48, '2020-12-14', 0, 'book-flc-229', 'Beasts of the Southern Wild', 'http://dummyimage.com/600x943.png/5fa2dd/ffffff', 'Praesent blandit lacinia erat. Vestibulum sed magna at nunc commodo placerat. Praesent blandit. Nam nulla. Integer pede justo, lacinia eget, tincidunt eget, tempus vel, pede. Morbi porttitor lorem id ligula.', 4941, 0.47, 3, 2510, 4521, 8854, 58);
insert into books (id, pub_date, is_bestseller, slug, title, image, description, price, discount_price, author_id, purchase_amount, in_cart_amount, postponed_amount, genre_id) values (49, '2021-02-26', 1, 'book-iin-799', 'Tap', 'http://dummyimage.com/600x943.png/5fa2dd/ffffff', 'Morbi vel lectus in quam fringilla rhoncus. Mauris enim leo, rhoncus sed, vestibulum sit amet, cursus id, turpis. Integer aliquet, massa id lobortis convallis, tortor risus dapibus augue, vel accumsan tellus nisi eu orci. Mauris lacinia sapien quis libero. Nullam sit amet turpis elementum ligula vehicula consequat.', 4715, 0.23, 10, 1567, 4476, 6500, 44);
insert into books (id, pub_date, is_bestseller, slug, title, image, description, price, discount_price, author_id, purchase_amount, in_cart_amount, postponed_amount, genre_id) values (50, '2021-08-08', 0, 'book-yya-770', 'Pot O'' Gold', 'http://dummyimage.com/600x943.png/5fa2dd/ffffff', 'Morbi vestibulum, velit id pretium iaculis, diam erat fermentum justo, nec condimentum neque sapien placerat ante. Nulla justo. Aliquam quis turpis eget elit sodales scelerisque. Mauris sit amet eros. Suspendisse accumsan tortor quis turpis.', 3329, 0.47, 14, 1197, 3060, 7822, 37);
insert into books (id, pub_date, is_bestseller, slug, title, image, description, price, discount_price, author_id, purchase_amount, in_cart_amount, postponed_amount, genre_id) values (51, '2021-07-16', 0, 'book-afh-862', 'Kiss the Bride', 'http://dummyimage.com/600x943.png/5fa2dd/ffffff', 'Nullam varius. Nulla facilisi. Cras non velit nec nisi vulputate nonummy. Maecenas tincidunt lacus at velit. Vivamus vel nulla eget eros elementum pellentesque. Quisque porta volutpat erat.', 1863, 0.14, 10, 1269, 3021, 6813, 8);
insert into books (id, pub_date, is_bestseller, slug, title, image, description, price, discount_price, author_id, purchase_amount, in_cart_amount, postponed_amount, genre_id) values (52, '2021-07-19', 1, 'book-ddo-792', 'Haunter', 'http://dummyimage.com/600x943.png/5fa2dd/ffffff', 'Etiam faucibus cursus urna. Ut tellus. Nulla ut erat id mauris vulputate elementum. Nullam varius. Nulla facilisi. Cras non velit nec nisi vulputate nonummy.', 4364, 0.36, 12, 2942, 3171, 5565, 60);
insert into books (id, pub_date, is_bestseller, slug, title, image, description, price, discount_price, author_id, purchase_amount, in_cart_amount, postponed_amount, genre_id) values (53, '2021-05-13', 1, 'book-erv-719', 'Extraordinary Measures', 'http://dummyimage.com/600x943.png/5fa2dd/ffffff', 'Ut tellus. Nulla ut erat id mauris vulputate elementum. Nullam varius. Nulla facilisi. Cras non velit nec nisi vulputate nonummy.', 3688, 0.45, 2, 1395, 3102, 6253, 14);
insert into books (id, pub_date, is_bestseller, slug, title, image, description, price, discount_price, author_id, purchase_amount, in_cart_amount, postponed_amount, genre_id) values (54, '2021-08-13', 1, 'book-svr-909', 'Cool Hand Luke', 'http://dummyimage.com/600x943.png/5fa2dd/ffffff', 'Ut tellus. Nulla ut erat id mauris vulputate elementum. Nullam varius. Nulla facilisi. Cras non velit nec nisi vulputate nonummy. Maecenas tincidunt lacus at velit.', 1343, 0.27, 4, 2572, 4213, 5459, 37);
insert into books (id, pub_date, is_bestseller, slug, title, image, description, price, discount_price, author_id, purchase_amount, in_cart_amount, postponed_amount, genre_id) values (55, '2021-01-23', 1, 'book-wpa-390', 'Albuquerque', 'http://dummyimage.com/600x943.png/5fa2dd/ffffff', 'Nunc purus. Phasellus in felis. Donec semper sapien a libero. Nam dui. Proin leo odio, porttitor id, consequat in, consequat ut, nulla. Sed accumsan felis.', 4713, 0.09, 14, 2433, 4462, 8275, 5);
insert into books (id, pub_date, is_bestseller, slug, title, image, description, price, discount_price, author_id, purchase_amount, in_cart_amount, postponed_amount, genre_id) values (56, '2020-10-29', 1, 'book-tmd-123', 'Party Girl', 'http://dummyimage.com/600x943.png/5fa2dd/ffffff', 'Suspendisse accumsan tortor quis turpis. Sed ante. Vivamus tortor. Duis mattis egestas metus. Aenean fermentum.', 4330, 0.35, 17, 2148, 3363, 8206, 56);
insert into books (id, pub_date, is_bestseller, slug, title, image, description, price, discount_price, author_id, purchase_amount, in_cart_amount, postponed_amount, genre_id) values (57, '2021-04-24', 0, 'book-buy-221', 'Late Marriage (Hatuna Meuheret)', 'http://dummyimage.com/600x943.png/5fa2dd/ffffff', 'Duis bibendum. Morbi non quam nec dui luctus rutrum. Nulla tellus. In sagittis dui vel nisl. Duis ac nibh.', 1826, 0.39, 10, 2177, 3175, 7311, 28);
insert into books (id, pub_date, is_bestseller, slug, title, image, description, price, discount_price, author_id, purchase_amount, in_cart_amount, postponed_amount, genre_id) values (58, '2021-09-25', 1, 'book-hye-879', 'The Magical Legend of the Leprechauns', 'http://dummyimage.com/600x943.png/5fa2dd/ffffff', 'Nam dui. Proin leo odio, porttitor id, consequat in, consequat ut, nulla. Sed accumsan felis. Ut at dolor quis odio consequat varius. Integer ac leo.', 2800, 0.35, 18, 1171, 3008, 6706, 40);
insert into books (id, pub_date, is_bestseller, slug, title, image, description, price, discount_price, author_id, purchase_amount, in_cart_amount, postponed_amount, genre_id) values (59, '2021-03-19', 0, 'book-vlh-447', 'Lady Jane', 'http://dummyimage.com/600x943.png/5fa2dd/ffffff', 'Duis consequat dui nec nisi volutpat eleifend. Donec ut dolor. Morbi vel lectus in quam fringilla rhoncus. Mauris enim leo, rhoncus sed, vestibulum sit amet, cursus id, turpis. Integer aliquet, massa id lobortis convallis, tortor risus dapibus augue, vel accumsan tellus nisi eu orci.', 1643, 0.22, 3, 2031, 4611, 6328, 45);
insert into books (id, pub_date, is_bestseller, slug, title, image, description, price, discount_price, author_id, purchase_amount, in_cart_amount, postponed_amount, genre_id) values (60, '2021-07-29', 0, 'book-gxw-514', 'Wing and the Thigh, The (L''aile ou la cuisse)', 'http://dummyimage.com/600x943.png/5fa2dd/ffffff', 'Nulla tellus. In sagittis dui vel nisl. Duis ac nibh. Fusce lacus purus, aliquet at, feugiat non, pretium quis, lectus. Suspendisse potenti.', 1862, 0.34, 3, 2484, 3830, 7494, 56);
insert into books (id, pub_date, is_bestseller, slug, title, image, description, price, discount_price, author_id, purchase_amount, in_cart_amount, postponed_amount, genre_id) values (61, '2020-11-08', 0, 'book-bgi-359', 'Generation, A (Pokolenie)', 'http://dummyimage.com/600x943.png/5fa2dd/ffffff', 'Duis bibendum. Morbi non quam nec dui luctus rutrum. Nulla tellus. In sagittis dui vel nisl. Duis ac nibh. Fusce lacus purus, aliquet at, feugiat non, pretium quis, lectus.', 3229, 0.33, 20, 2309, 4082, 5015, 36);
insert into books (id, pub_date, is_bestseller, slug, title, image, description, price, discount_price, author_id, purchase_amount, in_cart_amount, postponed_amount, genre_id) values (62, '2021-05-07', 0, 'book-xpv-379', 'Dirty Dingus Magee', 'http://dummyimage.com/600x943.png/5fa2dd/ffffff', 'Integer a nibh. In quis justo. Maecenas rhoncus aliquam lacus. Morbi quis tortor id nulla ultrices aliquet. Maecenas leo odio, condimentum id, luctus nec, molestie sed, justo.', 4949, 0.5, 6, 2248, 4814, 5203, 28);
insert into books (id, pub_date, is_bestseller, slug, title, image, description, price, discount_price, author_id, purchase_amount, in_cart_amount, postponed_amount, genre_id) values (63, '2021-06-14', 0, 'book-omv-108', 'Act of Aggression', 'http://dummyimage.com/600x943.png/5fa2dd/ffffff', 'Praesent blandit. Nam nulla. Integer pede justo, lacinia eget, tincidunt eget, tempus vel, pede. Morbi porttitor lorem id ligula. Suspendisse ornare consequat lectus.', 4365, 0.34, 3, 2691, 3432, 5115, 50);
insert into books (id, pub_date, is_bestseller, slug, title, image, description, price, discount_price, author_id, purchase_amount, in_cart_amount, postponed_amount, genre_id) values (64, '2021-05-21', 0, 'book-xgv-820', 'Odd Thomas', 'http://dummyimage.com/600x943.png/5fa2dd/ffffff', 'Proin eu mi. Nulla ac enim. In tempor, turpis nec euismod scelerisque, quam turpis adipiscing lorem, vitae mattis nibh ligula nec sem. Duis aliquam convallis nunc. Proin at turpis a pede posuere nonummy. Integer non velit.', 3434, 0.15, 17, 2025, 4010, 5733, 47);
insert into books (id, pub_date, is_bestseller, slug, title, image, description, price, discount_price, author_id, purchase_amount, in_cart_amount, postponed_amount, genre_id) values (65, '2021-05-27', 1, 'book-khe-594', 'Trippin''', 'http://dummyimage.com/600x943.png/5fa2dd/ffffff', 'In congue. Etiam justo. Etiam pretium iaculis justo. In hac habitasse platea dictumst. Etiam faucibus cursus urna. Ut tellus.', 2455, 0.06, 7, 1732, 4550, 6076, 53);
insert into books (id, pub_date, is_bestseller, slug, title, image, description, price, discount_price, author_id, purchase_amount, in_cart_amount, postponed_amount, genre_id) values (66, '2021-07-30', 1, 'book-tkc-619', 'Snow Creature, The', 'http://dummyimage.com/600x943.png/5fa2dd/ffffff', 'Morbi odio odio, elementum eu, interdum eu, tincidunt in, leo. Maecenas pulvinar lobortis est. Phasellus sit amet erat. Nulla tempus. Vivamus in felis eu sapien cursus vestibulum. Proin eu mi.', 1600, 0.12, 20, 1879, 3740, 6785, 4);
insert into books (id, pub_date, is_bestseller, slug, title, image, description, price, discount_price, author_id, purchase_amount, in_cart_amount, postponed_amount, genre_id) values (67, '2020-10-16', 1, 'book-abl-274', 'Lisa', 'http://dummyimage.com/600x943.png/5fa2dd/ffffff', 'Donec ut dolor. Morbi vel lectus in quam fringilla rhoncus. Mauris enim leo, rhoncus sed, vestibulum sit amet, cursus id, turpis. Integer aliquet, massa id lobortis convallis, tortor risus dapibus augue, vel accumsan tellus nisi eu orci. Mauris lacinia sapien quis libero.', 1103, 0.11, 12, 1298, 4586, 8943, 16);
insert into books (id, pub_date, is_bestseller, slug, title, image, description, price, discount_price, author_id, purchase_amount, in_cart_amount, postponed_amount, genre_id) values (68, '2020-10-08', 0, 'book-lzy-269', 'Jupiter''s Wife', 'http://dummyimage.com/600x943.png/5fa2dd/ffffff', 'Nullam orci pede, venenatis non, sodales sed, tincidunt eu, felis. Fusce posuere felis sed lacus. Morbi sem mauris, laoreet ut, rhoncus aliquet, pulvinar sed, nisl. Nunc rhoncus dui vel sem. Sed sagittis.', 2957, 0.19, 7, 1819, 4766, 5219, 27);
insert into books (id, pub_date, is_bestseller, slug, title, image, description, price, discount_price, author_id, purchase_amount, in_cart_amount, postponed_amount, genre_id) values (69, '2020-12-14', 0, 'book-wby-337', 'Close Encounters of the Third Kind', 'http://dummyimage.com/600x943.png/5fa2dd/ffffff', 'Nulla ac enim. In tempor, turpis nec euismod scelerisque, quam turpis adipiscing lorem, vitae mattis nibh ligula nec sem. Duis aliquam convallis nunc. Proin at turpis a pede posuere nonummy. Integer non velit.', 2158, 0.18, 19, 2044, 3258, 6038, 20);
insert into books (id, pub_date, is_bestseller, slug, title, image, description, price, discount_price, author_id, purchase_amount, in_cart_amount, postponed_amount, genre_id) values (70, '2021-01-11', 1, 'book-pva-000', 'Half Nelson', 'http://dummyimage.com/600x943.png/5fa2dd/ffffff', 'Suspendisse potenti. In eleifend quam a odio. In hac habitasse platea dictumst. Maecenas ut massa quis augue luctus tincidunt. Nulla mollis molestie lorem.', 2684, 0.09, 5, 1818, 4850, 6247, 43);
insert into books (id, pub_date, is_bestseller, slug, title, image, description, price, discount_price, author_id, purchase_amount, in_cart_amount, postponed_amount, genre_id) values (71, '2021-09-26', 1, 'book-pja-596', 'In Praise of Love (eloge de l''amour)', 'http://dummyimage.com/600x943.png/5fa2dd/ffffff', 'In congue. Etiam justo. Etiam pretium iaculis justo. In hac habitasse platea dictumst. Etiam faucibus cursus urna. Ut tellus.', 2057, 0.1, 12, 1528, 4514, 8895, 59);
insert into books (id, pub_date, is_bestseller, slug, title, image, description, price, discount_price, author_id, purchase_amount, in_cart_amount, postponed_amount, genre_id) values (72, '2021-03-07', 1, 'book-qey-527', 'Christmas on Mars', 'http://dummyimage.com/600x943.png/5fa2dd/ffffff', 'Curabitur in libero ut massa volutpat convallis. Morbi odio odio, elementum eu, interdum eu, tincidunt in, leo. Maecenas pulvinar lobortis est. Phasellus sit amet erat. Nulla tempus.', 3064, 0.16, 21, 2925, 3686, 8032, 43);
insert into books (id, pub_date, is_bestseller, slug, title, image, description, price, discount_price, author_id, purchase_amount, in_cart_amount, postponed_amount, genre_id) values (73, '2020-11-23', 1, 'book-isu-657', 'Chronic Town', 'http://dummyimage.com/600x943.png/5fa2dd/ffffff', 'In eleifend quam a odio. In hac habitasse platea dictumst. Maecenas ut massa quis augue luctus tincidunt. Nulla mollis molestie lorem. Quisque ut erat.', 1851, 0.14, 12, 1365, 3884, 5356, 41);
insert into books (id, pub_date, is_bestseller, slug, title, image, description, price, discount_price, author_id, purchase_amount, in_cart_amount, postponed_amount, genre_id) values (74, '2021-09-14', 1, 'book-nys-414', 'Nun, The (La monja) ', 'http://dummyimage.com/600x943.png/5fa2dd/ffffff', 'Integer ac neque. Duis bibendum. Morbi non quam nec dui luctus rutrum. Nulla tellus. In sagittis dui vel nisl. Duis ac nibh.', 3594, 0.15, 15, 1992, 3694, 7105, 27);
insert into books (id, pub_date, is_bestseller, slug, title, image, description, price, discount_price, author_id, purchase_amount, in_cart_amount, postponed_amount, genre_id) values (75, '2021-05-01', 1, 'book-hqm-095', 'Year of the Dragon', 'http://dummyimage.com/600x943.png/5fa2dd/ffffff', 'Donec diam neque, vestibulum eget, vulputate ut, ultrices vel, augue. Vestibulum ante ipsum primis in faucibus orci luctus et ultrices posuere cubilia Curae; Donec pharetra, magna vestibulum aliquet ultrices, erat tortor sollicitudin mi, sit amet lobortis sapien sapien non mi. Integer ac neque. Duis bibendum. Morbi non quam nec dui luctus rutrum. Nulla tellus.', 4971, 0.48, 15, 1451, 4127, 5680, 39);
insert into books (id, pub_date, is_bestseller, slug, title, image, description, price, discount_price, author_id, purchase_amount, in_cart_amount, postponed_amount, genre_id) values (76, '2021-03-04', 0, 'book-fsk-316', 'Day, The', 'http://dummyimage.com/600x943.png/5fa2dd/ffffff', 'Nam nulla. Integer pede justo, lacinia eget, tincidunt eget, tempus vel, pede. Morbi porttitor lorem id ligula. Suspendisse ornare consequat lectus. In est risus, auctor sed, tristique in, tempus sit amet, sem.', 4105, 0.23, 9, 1477, 3772, 7773, 7);
insert into books (id, pub_date, is_bestseller, slug, title, image, description, price, discount_price, author_id, purchase_amount, in_cart_amount, postponed_amount, genre_id) values (77, '2021-07-02', 0, 'book-njv-872', 'Ranma 1/2: Nihao My Concubine (Ranma 1/2: Kessen Togenkyo! Hanayome o torimodose!!)', 'http://dummyimage.com/600x943.png/5fa2dd/ffffff', 'Morbi quis tortor id nulla ultrices aliquet. Maecenas leo odio, condimentum id, luctus nec, molestie sed, justo. Pellentesque viverra pede ac diam. Cras pellentesque volutpat dui. Maecenas tristique, est et tempus semper, est quam pharetra magna, ac consequat metus sapien ut nunc. Vestibulum ante ipsum primis in faucibus orci luctus et ultrices posuere cubilia Curae; Mauris viverra diam vitae quam.', 4351, 0.14, 10, 2955, 3750, 6212, 40);
insert into books (id, pub_date, is_bestseller, slug, title, image, description, price, discount_price, author_id, purchase_amount, in_cart_amount, postponed_amount, genre_id) values (78, '2021-08-09', 1, 'book-bse-300', 'Jupiter Ascending', 'http://dummyimage.com/600x943.png/5fa2dd/ffffff', 'Maecenas ut massa quis augue luctus tincidunt. Nulla mollis molestie lorem. Quisque ut erat. Curabitur gravida nisi at nibh. In hac habitasse platea dictumst.', 3788, 0.07, 2, 2400, 4707, 6614, 59);
insert into books (id, pub_date, is_bestseller, slug, title, image, description, price, discount_price, author_id, purchase_amount, in_cart_amount, postponed_amount, genre_id) values (79, '2021-07-15', 1, 'book-fkq-485', 'Motorcycle Diaries, The (Diarios de motocicleta)', 'http://dummyimage.com/600x943.png/5fa2dd/ffffff', 'Nulla ut erat id mauris vulputate elementum. Nullam varius. Nulla facilisi. Cras non velit nec nisi vulputate nonummy. Maecenas tincidunt lacus at velit.', 1851, 0.47, 14, 1416, 4234, 5154, 13);
insert into books (id, pub_date, is_bestseller, slug, title, image, description, price, discount_price, author_id, purchase_amount, in_cart_amount, postponed_amount, genre_id) values (80, '2020-11-20', 1, 'book-ind-390', 'Grandpa for Christmas, A (Bert & Becca)', 'http://dummyimage.com/600x943.png/5fa2dd/ffffff', 'Lorem ipsum dolor sit amet, consectetuer adipiscing elit. Proin interdum mauris non ligula pellentesque ultrices. Phasellus id sapien in sapien iaculis congue. Vivamus metus arcu, adipiscing molestie, hendrerit at, vulputate vitae, nisl. Aenean lectus. Pellentesque eget nunc.', 2432, 0.48, 5, 1398, 3087, 6570, 45);
insert into books (id, pub_date, is_bestseller, slug, title, image, description, price, discount_price, author_id, purchase_amount, in_cart_amount, postponed_amount, genre_id) values (81, '2021-09-05', 1, 'book-xpz-089', '28 Weeks Later', 'http://dummyimage.com/600x943.png/5fa2dd/ffffff', 'Duis consequat dui nec nisi volutpat eleifend. Donec ut dolor. Morbi vel lectus in quam fringilla rhoncus. Mauris enim leo, rhoncus sed, vestibulum sit amet, cursus id, turpis. Integer aliquet, massa id lobortis convallis, tortor risus dapibus augue, vel accumsan tellus nisi eu orci.', 3001, 0.29, 9, 1516, 4873, 6221, 42);
insert into books (id, pub_date, is_bestseller, slug, title, image, description, price, discount_price, author_id, purchase_amount, in_cart_amount, postponed_amount, genre_id) values (82, '2021-02-11', 0, 'book-oks-782', 'Venus Boyz', 'http://dummyimage.com/600x943.png/5fa2dd/ffffff', 'Nulla facilisi. Cras non velit nec nisi vulputate nonummy. Maecenas tincidunt lacus at velit. Vivamus vel nulla eget eros elementum pellentesque. Quisque porta volutpat erat.', 4429, 0.15, 2, 1348, 4157, 8663, 13);
insert into books (id, pub_date, is_bestseller, slug, title, image, description, price, discount_price, author_id, purchase_amount, in_cart_amount, postponed_amount, genre_id) values (83, '2021-05-16', 1, 'book-nde-995', 'Cashback', 'http://dummyimage.com/600x943.png/5fa2dd/ffffff', 'Praesent blandit lacinia erat. Vestibulum sed magna at nunc commodo placerat. Praesent blandit. Nam nulla. Integer pede justo, lacinia eget, tincidunt eget, tempus vel, pede.', 4562, 0.49, 14, 2080, 3147, 6227, 52);
insert into books (id, pub_date, is_bestseller, slug, title, image, description, price, discount_price, author_id, purchase_amount, in_cart_amount, postponed_amount, genre_id) values (84, '2020-10-14', 1, 'book-pnt-098', 'Tobacco Road', 'http://dummyimage.com/600x943.png/5fa2dd/ffffff', 'In hac habitasse platea dictumst. Aliquam augue quam, sollicitudin vitae, consectetuer eget, rutrum at, lorem. Integer tincidunt ante vel ipsum. Praesent blandit lacinia erat. Vestibulum sed magna at nunc commodo placerat.', 1832, 0.27, 1, 2851, 4486, 7842, 39);
insert into books (id, pub_date, is_bestseller, slug, title, image, description, price, discount_price, author_id, purchase_amount, in_cart_amount, postponed_amount, genre_id) values (85, '2021-06-28', 0, 'book-yhx-694', 'Hatari!', 'http://dummyimage.com/600x943.png/5fa2dd/ffffff', 'Quisque porta volutpat erat. Quisque erat eros, viverra eget, congue eget, semper rutrum, nulla. Nunc purus. Phasellus in felis. Donec semper sapien a libero. Nam dui.', 1898, 0.45, 21, 2521, 4406, 5240, 2);
insert into books (id, pub_date, is_bestseller, slug, title, image, description, price, discount_price, author_id, purchase_amount, in_cart_amount, postponed_amount, genre_id) values (86, '2020-11-30', 1, 'book-kxc-172', 'American Dreamz', 'http://dummyimage.com/600x943.png/5fa2dd/ffffff', 'Sed ante. Vivamus tortor. Duis mattis egestas metus. Aenean fermentum. Donec ut mauris eget massa tempor convallis. Nulla neque libero, convallis eget, eleifend luctus, ultricies eu, nibh.', 1341, 0.11, 9, 2740, 4132, 6953, 44);
insert into books (id, pub_date, is_bestseller, slug, title, image, description, price, discount_price, author_id, purchase_amount, in_cart_amount, postponed_amount, genre_id) values (87, '2021-05-01', 0, 'book-ito-203', 'Before and After', 'http://dummyimage.com/600x943.png/5fa2dd/ffffff', 'Pellentesque eget nunc. Donec quis orci eget orci vehicula condimentum. Curabitur in libero ut massa volutpat convallis. Morbi odio odio, elementum eu, interdum eu, tincidunt in, leo. Maecenas pulvinar lobortis est.', 2022, 0.25, 2, 1243, 4478, 8677, 23);
insert into books (id, pub_date, is_bestseller, slug, title, image, description, price, discount_price, author_id, purchase_amount, in_cart_amount, postponed_amount, genre_id) values (88, '2021-02-24', 0, 'book-cwz-881', 'Assault, The (Aanslag, De)', 'http://dummyimage.com/600x943.png/5fa2dd/ffffff', 'Suspendisse accumsan tortor quis turpis. Sed ante. Vivamus tortor. Duis mattis egestas metus. Aenean fermentum.', 1083, 0.17, 11, 1041, 4856, 5139, 7);
insert into books (id, pub_date, is_bestseller, slug, title, image, description, price, discount_price, author_id, purchase_amount, in_cart_amount, postponed_amount, genre_id) values (89, '2021-03-16', 0, 'book-cum-656', 'Zelig', 'http://dummyimage.com/600x943.png/5fa2dd/ffffff', 'Nulla nisl. Nunc nisl. Duis bibendum, felis sed interdum venenatis, turpis enim blandit mi, in porttitor pede justo eu massa. Donec dapibus. Duis at velit eu est congue elementum.', 3474, 0.14, 14, 1982, 4939, 8422, 18);
insert into books (id, pub_date, is_bestseller, slug, title, image, description, price, discount_price, author_id, purchase_amount, in_cart_amount, postponed_amount, genre_id) values (90, '2021-06-13', 1, 'book-mow-876', 'Humble Pie (American Fork)', 'http://dummyimage.com/600x943.png/5fa2dd/ffffff', 'Nunc purus. Phasellus in felis. Donec semper sapien a libero. Nam dui. Proin leo odio, porttitor id, consequat in, consequat ut, nulla. Sed accumsan felis.', 4736, 0.46, 19, 2546, 3194, 5832, 27);
insert into books (id, pub_date, is_bestseller, slug, title, image, description, price, discount_price, author_id, purchase_amount, in_cart_amount, postponed_amount, genre_id) values (91, '2021-06-04', 1, 'book-eau-219', 'Igby Goes Down', 'http://dummyimage.com/600x943.png/5fa2dd/ffffff', 'Vestibulum ante ipsum primis in faucibus orci luctus et ultrices posuere cubilia Curae; Donec pharetra, magna vestibulum aliquet ultrices, erat tortor sollicitudin mi, sit amet lobortis sapien sapien non mi. Integer ac neque. Duis bibendum. Morbi non quam nec dui luctus rutrum. Nulla tellus. In sagittis dui vel nisl.', 4482, 0.25, 4, 1257, 4589, 6998, 19);
insert into books (id, pub_date, is_bestseller, slug, title, image, description, price, discount_price, author_id, purchase_amount, in_cart_amount, postponed_amount, genre_id) values (92, '2021-08-02', 0, 'book-otz-258', 'God Save My Shoes', 'http://dummyimage.com/600x943.png/5fa2dd/ffffff', 'Pellentesque ultrices mattis odio. Donec vitae nisi. Nam ultrices, libero non mattis pulvinar, nulla pede ullamcorper augue, a suscipit nulla elit ac nulla. Sed vel enim sit amet nunc viverra dapibus. Nulla suscipit ligula in lacus. Curabitur at ipsum ac tellus semper interdum.', 1860, 0.32, 20, 1531, 4501, 6657, 44);
insert into books (id, pub_date, is_bestseller, slug, title, image, description, price, discount_price, author_id, purchase_amount, in_cart_amount, postponed_amount, genre_id) values (93, '2020-11-17', 0, 'book-nqj-015', 'Beautiful Joe', 'http://dummyimage.com/600x943.png/5fa2dd/ffffff', 'Maecenas ut massa quis augue luctus tincidunt. Nulla mollis molestie lorem. Quisque ut erat. Curabitur gravida nisi at nibh. In hac habitasse platea dictumst. Aliquam augue quam, sollicitudin vitae, consectetuer eget, rutrum at, lorem.', 2735, 0.14, 7, 2173, 4318, 7287, 42);
insert into books (id, pub_date, is_bestseller, slug, title, image, description, price, discount_price, author_id, purchase_amount, in_cart_amount, postponed_amount, genre_id) values (94, '2021-06-05', 0, 'book-yfm-574', 'The Hornet''s Nest', 'http://dummyimage.com/600x943.png/5fa2dd/ffffff', 'In hac habitasse platea dictumst. Etiam faucibus cursus urna. Ut tellus. Nulla ut erat id mauris vulputate elementum. Nullam varius. Nulla facilisi.', 4144, 0.4, 12, 2984, 4528, 8727, 12);
insert into books (id, pub_date, is_bestseller, slug, title, image, description, price, discount_price, author_id, purchase_amount, in_cart_amount, postponed_amount, genre_id) values (95, '2021-09-03', 1, 'book-rtt-764', 'Stage Beauty', 'http://dummyimage.com/600x943.png/5fa2dd/ffffff', 'Proin risus. Praesent lectus. Vestibulum quam sapien, varius ut, blandit non, interdum in, ante. Vestibulum ante ipsum primis in faucibus orci luctus et ultrices posuere cubilia Curae; Duis faucibus accumsan odio. Curabitur convallis.', 1013, 0.17, 13, 2000, 3709, 7745, 18);
insert into books (id, pub_date, is_bestseller, slug, title, image, description, price, discount_price, author_id, purchase_amount, in_cart_amount, postponed_amount, genre_id) values (96, '2021-04-22', 1, 'book-xoi-194', 'Lawyer Man', 'http://dummyimage.com/600x943.png/5fa2dd/ffffff', 'Fusce congue, diam id ornare imperdiet, sapien urna pretium nisl, ut volutpat sapien arcu sed augue. Aliquam erat volutpat. In congue. Etiam justo. Etiam pretium iaculis justo. In hac habitasse platea dictumst.', 1716, 0.37, 6, 2884, 3280, 8073, 6);
insert into books (id, pub_date, is_bestseller, slug, title, image, description, price, discount_price, author_id, purchase_amount, in_cart_amount, postponed_amount, genre_id) values (97, '2021-08-28', 1, 'book-yzq-644', 'Secondhand Lions', 'http://dummyimage.com/600x943.png/5fa2dd/ffffff', 'Suspendisse potenti. In eleifend quam a odio. In hac habitasse platea dictumst. Maecenas ut massa quis augue luctus tincidunt. Nulla mollis molestie lorem. Quisque ut erat.', 1072, 0.23, 17, 2578, 4523, 6675, 11);
insert into books (id, pub_date, is_bestseller, slug, title, image, description, price, discount_price, author_id, purchase_amount, in_cart_amount, postponed_amount, genre_id) values (98, '2021-02-08', 1, 'book-ahl-221', 'Texas Chainsaw Massacre: The Next Generation (a.k.a. The Return of the Texas Chainsaw Massacre)', 'http://dummyimage.com/600x943.png/5fa2dd/ffffff', 'Donec semper sapien a libero. Nam dui. Proin leo odio, porttitor id, consequat in, consequat ut, nulla. Sed accumsan felis. Ut at dolor quis odio consequat varius.', 3752, 0.18, 7, 1432, 3994, 5777, 25);
insert into books (id, pub_date, is_bestseller, slug, title, image, description, price, discount_price, author_id, purchase_amount, in_cart_amount, postponed_amount, genre_id) values (99, '2020-12-16', 0, 'book-nsq-023', 'One Week', 'http://dummyimage.com/600x943.png/5fa2dd/ffffff', 'Praesent id massa id nisl venenatis lacinia. Aenean sit amet justo. Morbi ut odio. Cras mi pede, malesuada in, imperdiet et, commodo vulputate, justo. In blandit ultrices enim. Lorem ipsum dolor sit amet, consectetuer adipiscing elit.', 2774, 0.07, 19, 2191, 4892, 8623, 33);
insert into books (id, pub_date, is_bestseller, slug, title, image, description, price, discount_price, author_id, purchase_amount, in_cart_amount, postponed_amount, genre_id) values (100, '2021-02-01', 0, 'book-vhy-518', 'The Oblong Box', 'http://dummyimage.com/600x943.png/5fa2dd/ffffff', 'In eleifend quam a odio. In hac habitasse platea dictumst. Maecenas ut massa quis augue luctus tincidunt. Nulla mollis molestie lorem. Quisque ut erat.', 1853, 0.31, 19, 2736, 4683, 6855, 30);
insert into books (id, pub_date, is_bestseller, slug, title, image, description, price, discount_price, author_id, purchase_amount, in_cart_amount, postponed_amount, genre_id) values (101, '2020-12-17', 1, 'book-kdf-442', 'Vice Versa', 'http://dummyimage.com/600x943.png/5fa2dd/ffffff', 'Morbi non quam nec dui luctus rutrum. Nulla tellus. In sagittis dui vel nisl. Duis ac nibh. Fusce lacus purus, aliquet at, feugiat non, pretium quis, lectus. Suspendisse potenti.', 3752, 0.3, 12, 1835, 4587, 8273, 58);
insert into books (id, pub_date, is_bestseller, slug, title, image, description, price, discount_price, author_id, purchase_amount, in_cart_amount, postponed_amount, genre_id) values (102, '2021-06-29', 1, 'book-ioj-443', 'Stake Land', 'http://dummyimage.com/600x943.png/5fa2dd/ffffff', 'Duis ac nibh. Fusce lacus purus, aliquet at, feugiat non, pretium quis, lectus. Suspendisse potenti. In eleifend quam a odio. In hac habitasse platea dictumst. Maecenas ut massa quis augue luctus tincidunt.', 1134, 0.3, 6, 2945, 4121, 6720, 59);
insert into books (id, pub_date, is_bestseller, slug, title, image, description, price, discount_price, author_id, purchase_amount, in_cart_amount, postponed_amount, genre_id) values (103, '2021-03-25', 1, 'book-tar-605', 'Boom Town', 'http://dummyimage.com/600x943.png/5fa2dd/ffffff', 'Morbi ut odio. Cras mi pede, malesuada in, imperdiet et, commodo vulputate, justo. In blandit ultrices enim. Lorem ipsum dolor sit amet, consectetuer adipiscing elit. Proin interdum mauris non ligula pellentesque ultrices.', 4677, 0.2, 7, 1641, 4394, 8408, 34);
insert into books (id, pub_date, is_bestseller, slug, title, image, description, price, discount_price, author_id, purchase_amount, in_cart_amount, postponed_amount, genre_id) values (104, '2020-11-18', 1, 'book-wlm-922', 'All Through the Night', 'http://dummyimage.com/600x943.png/5fa2dd/ffffff', 'Cum sociis natoque penatibus et magnis dis parturient montes, nascetur ridiculus mus. Etiam vel augue. Vestibulum rutrum rutrum neque. Aenean auctor gravida sem. Praesent id massa id nisl venenatis lacinia. Aenean sit amet justo.', 3903, 0.27, 9, 1463, 3608, 7255, 49);
insert into books (id, pub_date, is_bestseller, slug, title, image, description, price, discount_price, author_id, purchase_amount, in_cart_amount, postponed_amount, genre_id) values (105, '2021-02-22', 1, 'book-bah-450', 'Calamity Jane', 'http://dummyimage.com/600x943.png/5fa2dd/ffffff', 'Maecenas leo odio, condimentum id, luctus nec, molestie sed, justo. Pellentesque viverra pede ac diam. Cras pellentesque volutpat dui. Maecenas tristique, est et tempus semper, est quam pharetra magna, ac consequat metus sapien ut nunc. Vestibulum ante ipsum primis in faucibus orci luctus et ultrices posuere cubilia Curae; Mauris viverra diam vitae quam.', 1987, 0.06, 15, 1502, 3213, 6764, 49);
insert into books (id, pub_date, is_bestseller, slug, title, image, description, price, discount_price, author_id, purchase_amount, in_cart_amount, postponed_amount, genre_id) values (106, '2021-09-01', 0, 'book-itf-959', '8: The Mormon Proposition', 'http://dummyimage.com/600x943.png/5fa2dd/ffffff', 'Duis consequat dui nec nisi volutpat eleifend. Donec ut dolor. Morbi vel lectus in quam fringilla rhoncus. Mauris enim leo, rhoncus sed, vestibulum sit amet, cursus id, turpis. Integer aliquet, massa id lobortis convallis, tortor risus dapibus augue, vel accumsan tellus nisi eu orci. Mauris lacinia sapien quis libero.', 4320, 0.5, 5, 1534, 4444, 7430, 12);
insert into books (id, pub_date, is_bestseller, slug, title, image, description, price, discount_price, author_id, purchase_amount, in_cart_amount, postponed_amount, genre_id) values (107, '2021-06-16', 1, 'book-eio-020', 'American Gun', 'http://dummyimage.com/600x943.png/5fa2dd/ffffff', 'Maecenas tristique, est et tempus semper, est quam pharetra magna, ac consequat metus sapien ut nunc. Vestibulum ante ipsum primis in faucibus orci luctus et ultrices posuere cubilia Curae; Mauris viverra diam vitae quam. Suspendisse potenti. Nullam porttitor lacus at turpis. Donec posuere metus vitae ipsum.', 1541, 0.18, 16, 1471, 3942, 7375, 16);
insert into books (id, pub_date, is_bestseller, slug, title, image, description, price, discount_price, author_id, purchase_amount, in_cart_amount, postponed_amount, genre_id) values (108, '2020-12-25', 0, 'book-cpc-945', 'Apple Dumpling Gang, The', 'http://dummyimage.com/600x943.png/5fa2dd/ffffff', 'Pellentesque eget nunc. Donec quis orci eget orci vehicula condimentum. Curabitur in libero ut massa volutpat convallis. Morbi odio odio, elementum eu, interdum eu, tincidunt in, leo. Maecenas pulvinar lobortis est.', 2317, 0.46, 18, 2128, 4533, 8451, 54);
insert into books (id, pub_date, is_bestseller, slug, title, image, description, price, discount_price, author_id, purchase_amount, in_cart_amount, postponed_amount, genre_id) values (109, '2021-08-30', 1, 'book-blr-150', '9 Souls (Nain souruzu)', 'http://dummyimage.com/600x943.png/5fa2dd/ffffff', 'Nunc purus. Phasellus in felis. Donec semper sapien a libero. Nam dui. Proin leo odio, porttitor id, consequat in, consequat ut, nulla. Sed accumsan felis.', 1111, 0.18, 7, 1345, 3635, 5728, 57);
insert into books (id, pub_date, is_bestseller, slug, title, image, description, price, discount_price, author_id, purchase_amount, in_cart_amount, postponed_amount, genre_id) values (110, '2021-01-10', 1, 'book-pig-929', 'Nun, The (La religieuse)', 'http://dummyimage.com/600x943.png/5fa2dd/ffffff', 'Morbi non lectus. Aliquam sit amet diam in magna bibendum imperdiet. Nullam orci pede, venenatis non, sodales sed, tincidunt eu, felis. Fusce posuere felis sed lacus. Morbi sem mauris, laoreet ut, rhoncus aliquet, pulvinar sed, nisl. Nunc rhoncus dui vel sem.', 1250, 0.2, 18, 1552, 4774, 7604, 42);
insert into books (id, pub_date, is_bestseller, slug, title, image, description, price, discount_price, author_id, purchase_amount, in_cart_amount, postponed_amount, genre_id) values (111, '2020-11-05', 0, 'book-tpv-368', 'Lost Thing, The', 'http://dummyimage.com/600x943.png/5fa2dd/ffffff', 'Nulla justo. Aliquam quis turpis eget elit sodales scelerisque. Mauris sit amet eros. Suspendisse accumsan tortor quis turpis. Sed ante. Vivamus tortor.', 1359, 0.34, 15, 2321, 3016, 8306, 36);
insert into books (id, pub_date, is_bestseller, slug, title, image, description, price, discount_price, author_id, purchase_amount, in_cart_amount, postponed_amount, genre_id) values (112, '2021-01-31', 1, 'book-lbf-898', 'Six Days', 'http://dummyimage.com/600x943.png/5fa2dd/ffffff', 'Nam congue, risus semper porta volutpat, quam pede lobortis ligula, sit amet eleifend pede libero quis orci. Nullam molestie nibh in lectus. Pellentesque at nulla. Suspendisse potenti. Cras in purus eu magna vulputate luctus.', 2670, 0.4, 4, 1080, 4538, 5557, 12);
insert into books (id, pub_date, is_bestseller, slug, title, image, description, price, discount_price, author_id, purchase_amount, in_cart_amount, postponed_amount, genre_id) values (113, '2020-12-03', 0, 'book-ren-817', 'Object of Beauty, The', 'http://dummyimage.com/600x943.png/5fa2dd/ffffff', 'Donec quis orci eget orci vehicula condimentum. Curabitur in libero ut massa volutpat convallis. Morbi odio odio, elementum eu, interdum eu, tincidunt in, leo. Maecenas pulvinar lobortis est. Phasellus sit amet erat.', 3898, 0.25, 12, 2697, 4965, 6346, 48);
insert into books (id, pub_date, is_bestseller, slug, title, image, description, price, discount_price, author_id, purchase_amount, in_cart_amount, postponed_amount, genre_id) values (114, '2021-08-26', 1, 'book-ryt-225', 'Once Upon a Forest', 'http://dummyimage.com/600x943.png/5fa2dd/ffffff', 'Nunc rhoncus dui vel sem. Sed sagittis. Nam congue, risus semper porta volutpat, quam pede lobortis ligula, sit amet eleifend pede libero quis orci. Nullam molestie nibh in lectus. Pellentesque at nulla. Suspendisse potenti.', 2269, 0.42, 10, 2172, 3392, 5288, 25);
insert into books (id, pub_date, is_bestseller, slug, title, image, description, price, discount_price, author_id, purchase_amount, in_cart_amount, postponed_amount, genre_id) values (115, '2021-08-22', 1, 'book-fqw-272', 'Before Night Falls', 'http://dummyimage.com/600x943.png/5fa2dd/ffffff', 'Quisque id justo sit amet sapien dignissim vestibulum. Vestibulum ante ipsum primis in faucibus orci luctus et ultrices posuere cubilia Curae; Nulla dapibus dolor vel est. Donec odio justo, sollicitudin ut, suscipit a, feugiat et, eros. Vestibulum ac est lacinia nisi venenatis tristique. Fusce congue, diam id ornare imperdiet, sapien urna pretium nisl, ut volutpat sapien arcu sed augue. Aliquam erat volutpat.', 1166, 0.32, 16, 1900, 3403, 5479, 39);
insert into books (id, pub_date, is_bestseller, slug, title, image, description, price, discount_price, author_id, purchase_amount, in_cart_amount, postponed_amount, genre_id) values (116, '2020-12-28', 1, 'book-fha-511', 'Monica Z', 'http://dummyimage.com/600x943.png/5fa2dd/ffffff', 'Nullam orci pede, venenatis non, sodales sed, tincidunt eu, felis. Fusce posuere felis sed lacus. Morbi sem mauris, laoreet ut, rhoncus aliquet, pulvinar sed, nisl. Nunc rhoncus dui vel sem. Sed sagittis.', 3343, 0.38, 13, 1933, 3501, 5490, 37);
insert into books (id, pub_date, is_bestseller, slug, title, image, description, price, discount_price, author_id, purchase_amount, in_cart_amount, postponed_amount, genre_id) values (117, '2021-04-30', 1, 'book-qzx-770', 'Welcome Back, Mr. McDonald (Rajio no jikan)', 'http://dummyimage.com/600x943.png/5fa2dd/ffffff', 'Donec dapibus. Duis at velit eu est congue elementum. In hac habitasse platea dictumst. Morbi vestibulum, velit id pretium iaculis, diam erat fermentum justo, nec condimentum neque sapien placerat ante. Nulla justo. Aliquam quis turpis eget elit sodales scelerisque.', 4867, 0.45, 1, 2156, 3999, 8769, 14);
insert into books (id, pub_date, is_bestseller, slug, title, image, description, price, discount_price, author_id, purchase_amount, in_cart_amount, postponed_amount, genre_id) values (118, '2021-04-30', 1, 'book-auh-644', 'Storage 24', 'http://dummyimage.com/600x943.png/5fa2dd/ffffff', 'Sed vel enim sit amet nunc viverra dapibus. Nulla suscipit ligula in lacus. Curabitur at ipsum ac tellus semper interdum. Mauris ullamcorper purus sit amet nulla. Quisque arcu libero, rutrum ac, lobortis vel, dapibus at, diam.', 2411, 0.31, 4, 1479, 4101, 5636, 60);
insert into books (id, pub_date, is_bestseller, slug, title, image, description, price, discount_price, author_id, purchase_amount, in_cart_amount, postponed_amount, genre_id) values (119, '2021-04-09', 0, 'book-npu-469', 'Slums of Beverly Hills, The', 'http://dummyimage.com/600x943.png/5fa2dd/ffffff', 'Morbi vel lectus in quam fringilla rhoncus. Mauris enim leo, rhoncus sed, vestibulum sit amet, cursus id, turpis. Integer aliquet, massa id lobortis convallis, tortor risus dapibus augue, vel accumsan tellus nisi eu orci. Mauris lacinia sapien quis libero. Nullam sit amet turpis elementum ligula vehicula consequat.', 4899, 0.39, 20, 2925, 3942, 8562, 12);
insert into books (id, pub_date, is_bestseller, slug, title, image, description, price, discount_price, author_id, purchase_amount, in_cart_amount, postponed_amount, genre_id) values (120, '2021-08-17', 1, 'book-vvw-245', 'Prize Winner of Defiance Ohio, The', 'http://dummyimage.com/600x943.png/5fa2dd/ffffff', 'Aliquam sit amet diam in magna bibendum imperdiet. Nullam orci pede, venenatis non, sodales sed, tincidunt eu, felis. Fusce posuere felis sed lacus. Morbi sem mauris, laoreet ut, rhoncus aliquet, pulvinar sed, nisl. Nunc rhoncus dui vel sem.', 1100, 0.43, 1, 1593, 3288, 7510, 11);
insert into books (id, pub_date, is_bestseller, slug, title, image, description, price, discount_price, author_id, purchase_amount, in_cart_amount, postponed_amount, genre_id) values (121, '2020-11-25', 0, 'book-kau-328', 'Mammy', 'http://dummyimage.com/600x943.png/5fa2dd/ffffff', 'Duis mattis egestas metus. Aenean fermentum. Donec ut mauris eget massa tempor convallis. Nulla neque libero, convallis eget, eleifend luctus, ultricies eu, nibh. Quisque id justo sit amet sapien dignissim vestibulum. Vestibulum ante ipsum primis in faucibus orci luctus et ultrices posuere cubilia Curae; Nulla dapibus dolor vel est.', 3138, 0.45, 2, 1966, 4521, 5872, 20);
insert into books (id, pub_date, is_bestseller, slug, title, image, description, price, discount_price, author_id, purchase_amount, in_cart_amount, postponed_amount, genre_id) values (122, '2020-10-21', 0, 'book-osv-965', 'Wanda Sykes: Sick and Tired', 'http://dummyimage.com/600x943.png/5fa2dd/ffffff', 'Cras in purus eu magna vulputate luctus. Cum sociis natoque penatibus et magnis dis parturient montes, nascetur ridiculus mus. Vivamus vestibulum sagittis sapien. Cum sociis natoque penatibus et magnis dis parturient montes, nascetur ridiculus mus. Etiam vel augue. Vestibulum rutrum rutrum neque.', 3565, 0.29, 1, 1389, 3072, 7524, 21);
insert into books (id, pub_date, is_bestseller, slug, title, image, description, price, discount_price, author_id, purchase_amount, in_cart_amount, postponed_amount, genre_id) values (123, '2020-12-26', 0, 'book-nws-861', 'Incredible Hulk, The', 'http://dummyimage.com/600x943.png/5fa2dd/ffffff', 'Integer a nibh. In quis justo. Maecenas rhoncus aliquam lacus. Morbi quis tortor id nulla ultrices aliquet. Maecenas leo odio, condimentum id, luctus nec, molestie sed, justo.', 2177, 0.14, 14, 1619, 3609, 8756, 40);
insert into books (id, pub_date, is_bestseller, slug, title, image, description, price, discount_price, author_id, purchase_amount, in_cart_amount, postponed_amount, genre_id) values (124, '2021-09-23', 0, 'book-pum-083', 'Breakfast with Scot', 'http://dummyimage.com/600x943.png/5fa2dd/ffffff', 'Etiam vel augue. Vestibulum rutrum rutrum neque. Aenean auctor gravida sem. Praesent id massa id nisl venenatis lacinia. Aenean sit amet justo. Morbi ut odio.', 3342, 0.09, 15, 2352, 3157, 8202, 27);
insert into books (id, pub_date, is_bestseller, slug, title, image, description, price, discount_price, author_id, purchase_amount, in_cart_amount, postponed_amount, genre_id) values (125, '2021-01-18', 1, 'book-tdy-922', 'Brady Bunch Movie, The', 'http://dummyimage.com/600x943.png/5fa2dd/ffffff', 'Integer a nibh. In quis justo. Maecenas rhoncus aliquam lacus. Morbi quis tortor id nulla ultrices aliquet. Maecenas leo odio, condimentum id, luctus nec, molestie sed, justo.', 2504, 0.44, 12, 2347, 3325, 8621, 58);
insert into books (id, pub_date, is_bestseller, slug, title, image, description, price, discount_price, author_id, purchase_amount, in_cart_amount, postponed_amount, genre_id) values (126, '2021-03-09', 1, 'book-xcv-729', 'Magnificent Warriors (Zhong hua zhan shi)', 'http://dummyimage.com/600x943.png/5fa2dd/ffffff', 'Morbi non quam nec dui luctus rutrum. Nulla tellus. In sagittis dui vel nisl. Duis ac nibh. Fusce lacus purus, aliquet at, feugiat non, pretium quis, lectus.', 1002, 0.43, 12, 1769, 3713, 5373, 10);
insert into books (id, pub_date, is_bestseller, slug, title, image, description, price, discount_price, author_id, purchase_amount, in_cart_amount, postponed_amount, genre_id) values (127, '2021-07-22', 0, 'book-xyv-860', 'IMAX: Hubble 3D', 'http://dummyimage.com/600x943.png/5fa2dd/ffffff', 'Nulla facilisi. Cras non velit nec nisi vulputate nonummy. Maecenas tincidunt lacus at velit. Vivamus vel nulla eget eros elementum pellentesque. Quisque porta volutpat erat.', 1983, 0.32, 9, 2887, 3870, 7211, 17);
insert into books (id, pub_date, is_bestseller, slug, title, image, description, price, discount_price, author_id, purchase_amount, in_cart_amount, postponed_amount, genre_id) values (128, '2021-09-24', 1, 'book-hbx-580', 'Pink Cadillac', 'http://dummyimage.com/600x943.png/5fa2dd/ffffff', 'Cum sociis natoque penatibus et magnis dis parturient montes, nascetur ridiculus mus. Etiam vel augue. Vestibulum rutrum rutrum neque. Aenean auctor gravida sem. Praesent id massa id nisl venenatis lacinia.', 2154, 0.43, 12, 1983, 3540, 7760, 5);
insert into books (id, pub_date, is_bestseller, slug, title, image, description, price, discount_price, author_id, purchase_amount, in_cart_amount, postponed_amount, genre_id) values (129, '2021-04-05', 0, 'book-wmf-316', 'Disorderly Orderly, The', 'http://dummyimage.com/600x943.png/5fa2dd/ffffff', 'Donec odio justo, sollicitudin ut, suscipit a, feugiat et, eros. Vestibulum ac est lacinia nisi venenatis tristique. Fusce congue, diam id ornare imperdiet, sapien urna pretium nisl, ut volutpat sapien arcu sed augue. Aliquam erat volutpat. In congue. Etiam justo.', 1809, 0.13, 3, 1715, 3212, 5403, 3);
insert into books (id, pub_date, is_bestseller, slug, title, image, description, price, discount_price, author_id, purchase_amount, in_cart_amount, postponed_amount, genre_id) values (130, '2021-04-03', 0, 'book-ojr-638', 'Sheepman, The', 'http://dummyimage.com/600x943.png/5fa2dd/ffffff', 'Maecenas rhoncus aliquam lacus. Morbi quis tortor id nulla ultrices aliquet. Maecenas leo odio, condimentum id, luctus nec, molestie sed, justo. Pellentesque viverra pede ac diam. Cras pellentesque volutpat dui. Maecenas tristique, est et tempus semper, est quam pharetra magna, ac consequat metus sapien ut nunc.', 1758, 0.12, 2, 2355, 4370, 5936, 35);
insert into books (id, pub_date, is_bestseller, slug, title, image, description, price, discount_price, author_id, purchase_amount, in_cart_amount, postponed_amount, genre_id) values (131, '2020-10-14', 0, 'book-ume-287', 'Guilt Trip, The', 'http://dummyimage.com/600x943.png/5fa2dd/ffffff', 'Mauris enim leo, rhoncus sed, vestibulum sit amet, cursus id, turpis. Integer aliquet, massa id lobortis convallis, tortor risus dapibus augue, vel accumsan tellus nisi eu orci. Mauris lacinia sapien quis libero. Nullam sit amet turpis elementum ligula vehicula consequat. Morbi a ipsum.', 2733, 0.23, 2, 1824, 3416, 5445, 26);
insert into books (id, pub_date, is_bestseller, slug, title, image, description, price, discount_price, author_id, purchase_amount, in_cart_amount, postponed_amount, genre_id) values (132, '2021-04-13', 0, 'book-gst-191', 'Import/Export', 'http://dummyimage.com/600x943.png/5fa2dd/ffffff', 'Fusce consequat. Nulla nisl. Nunc nisl. Duis bibendum, felis sed interdum venenatis, turpis enim blandit mi, in porttitor pede justo eu massa. Donec dapibus. Duis at velit eu est congue elementum.', 3991, 0.41, 6, 1442, 4418, 7475, 10);
insert into books (id, pub_date, is_bestseller, slug, title, image, description, price, discount_price, author_id, purchase_amount, in_cart_amount, postponed_amount, genre_id) values (133, '2021-07-23', 1, 'book-lfa-920', 'Zombies on Broadway', 'http://dummyimage.com/600x943.png/5fa2dd/ffffff', 'Vestibulum ante ipsum primis in faucibus orci luctus et ultrices posuere cubilia Curae; Nulla dapibus dolor vel est. Donec odio justo, sollicitudin ut, suscipit a, feugiat et, eros. Vestibulum ac est lacinia nisi venenatis tristique. Fusce congue, diam id ornare imperdiet, sapien urna pretium nisl, ut volutpat sapien arcu sed augue. Aliquam erat volutpat.', 4935, 0.23, 11, 1264, 3735, 7630, 27);
insert into books (id, pub_date, is_bestseller, slug, title, image, description, price, discount_price, author_id, purchase_amount, in_cart_amount, postponed_amount, genre_id) values (134, '2021-09-17', 0, 'book-loc-639', 'Campaign, The', 'http://dummyimage.com/600x943.png/5fa2dd/ffffff', 'Nulla justo. Aliquam quis turpis eget elit sodales scelerisque. Mauris sit amet eros. Suspendisse accumsan tortor quis turpis. Sed ante.', 2969, 0.05, 16, 1071, 3487, 6692, 40);
insert into books (id, pub_date, is_bestseller, slug, title, image, description, price, discount_price, author_id, purchase_amount, in_cart_amount, postponed_amount, genre_id) values (135, '2020-10-17', 0, 'book-qpb-739', 'Waxworks (Das Wachsfigurenkabinett)', 'http://dummyimage.com/600x943.png/5fa2dd/ffffff', 'Vivamus in felis eu sapien cursus vestibulum. Proin eu mi. Nulla ac enim. In tempor, turpis nec euismod scelerisque, quam turpis adipiscing lorem, vitae mattis nibh ligula nec sem. Duis aliquam convallis nunc.', 1564, 0.13, 11, 1880, 4656, 8198, 53);
insert into books (id, pub_date, is_bestseller, slug, title, image, description, price, discount_price, author_id, purchase_amount, in_cart_amount, postponed_amount, genre_id) values (136, '2020-10-14', 1, 'book-vqd-421', 'Celine: Through the Eyes of the World', 'http://dummyimage.com/600x943.png/5fa2dd/ffffff', 'Pellentesque eget nunc. Donec quis orci eget orci vehicula condimentum. Curabitur in libero ut massa volutpat convallis. Morbi odio odio, elementum eu, interdum eu, tincidunt in, leo. Maecenas pulvinar lobortis est.', 2573, 0.09, 21, 2255, 3814, 5437, 59);
insert into books (id, pub_date, is_bestseller, slug, title, image, description, price, discount_price, author_id, purchase_amount, in_cart_amount, postponed_amount, genre_id) values (137, '2021-04-20', 0, 'book-xtc-399', 'Jack Frost', 'http://dummyimage.com/600x943.png/5fa2dd/ffffff', 'In sagittis dui vel nisl. Duis ac nibh. Fusce lacus purus, aliquet at, feugiat non, pretium quis, lectus. Suspendisse potenti. In eleifend quam a odio. In hac habitasse platea dictumst.', 1348, 0.47, 3, 1538, 4327, 6628, 54);
insert into books (id, pub_date, is_bestseller, slug, title, image, description, price, discount_price, author_id, purchase_amount, in_cart_amount, postponed_amount, genre_id) values (138, '2021-04-08', 1, 'book-rbx-660', 'Good Fairy, The', 'http://dummyimage.com/600x943.png/5fa2dd/ffffff', 'Curabitur gravida nisi at nibh. In hac habitasse platea dictumst. Aliquam augue quam, sollicitudin vitae, consectetuer eget, rutrum at, lorem. Integer tincidunt ante vel ipsum. Praesent blandit lacinia erat.', 2655, 0.06, 6, 1321, 4094, 5757, 59);
insert into books (id, pub_date, is_bestseller, slug, title, image, description, price, discount_price, author_id, purchase_amount, in_cart_amount, postponed_amount, genre_id) values (139, '2020-12-07', 1, 'book-qwq-430', 'Cement Garden, The', 'http://dummyimage.com/600x943.png/5fa2dd/ffffff', 'Morbi non quam nec dui luctus rutrum. Nulla tellus. In sagittis dui vel nisl. Duis ac nibh. Fusce lacus purus, aliquet at, feugiat non, pretium quis, lectus.', 2397, 0.05, 12, 1112, 4308, 8743, 47);
insert into books (id, pub_date, is_bestseller, slug, title, image, description, price, discount_price, author_id, purchase_amount, in_cart_amount, postponed_amount, genre_id) values (140, '2020-10-08', 0, 'book-lvf-683', 'Visions of Europe', 'http://dummyimage.com/600x943.png/5fa2dd/ffffff', 'Vestibulum ante ipsum primis in faucibus orci luctus et ultrices posuere cubilia Curae; Nulla dapibus dolor vel est. Donec odio justo, sollicitudin ut, suscipit a, feugiat et, eros. Vestibulum ac est lacinia nisi venenatis tristique. Fusce congue, diam id ornare imperdiet, sapien urna pretium nisl, ut volutpat sapien arcu sed augue. Aliquam erat volutpat.', 4418, 0.14, 7, 1094, 3806, 7973, 26);
insert into books (id, pub_date, is_bestseller, slug, title, image, description, price, discount_price, author_id, purchase_amount, in_cart_amount, postponed_amount, genre_id) values (141, '2021-04-18', 1, 'book-emy-423', 'Gentlemen', 'http://dummyimage.com/600x943.png/5fa2dd/ffffff', 'Praesent id massa id nisl venenatis lacinia. Aenean sit amet justo. Morbi ut odio. Cras mi pede, malesuada in, imperdiet et, commodo vulputate, justo. In blandit ultrices enim. Lorem ipsum dolor sit amet, consectetuer adipiscing elit.', 4207, 0.24, 3, 2007, 4892, 7871, 10);
insert into books (id, pub_date, is_bestseller, slug, title, image, description, price, discount_price, author_id, purchase_amount, in_cart_amount, postponed_amount, genre_id) values (142, '2021-08-03', 1, 'book-qit-858', 'Obvious Child', 'http://dummyimage.com/600x943.png/5fa2dd/ffffff', 'Pellentesque eget nunc. Donec quis orci eget orci vehicula condimentum. Curabitur in libero ut massa volutpat convallis. Morbi odio odio, elementum eu, interdum eu, tincidunt in, leo. Maecenas pulvinar lobortis est.', 1114, 0.22, 2, 2078, 4148, 6009, 49);
insert into books (id, pub_date, is_bestseller, slug, title, image, description, price, discount_price, author_id, purchase_amount, in_cart_amount, postponed_amount, genre_id) values (143, '2021-05-22', 1, 'book-ivk-633', 'Big Girls Don''t Cry... They Get Even (Stepkids)', 'http://dummyimage.com/600x943.png/5fa2dd/ffffff', 'Morbi quis tortor id nulla ultrices aliquet. Maecenas leo odio, condimentum id, luctus nec, molestie sed, justo. Pellentesque viverra pede ac diam. Cras pellentesque volutpat dui. Maecenas tristique, est et tempus semper, est quam pharetra magna, ac consequat metus sapien ut nunc. Vestibulum ante ipsum primis in faucibus orci luctus et ultrices posuere cubilia Curae; Mauris viverra diam vitae quam.', 2274, 0.14, 9, 2893, 3339, 5527, 55);
insert into books (id, pub_date, is_bestseller, slug, title, image, description, price, discount_price, author_id, purchase_amount, in_cart_amount, postponed_amount, genre_id) values (144, '2020-12-23', 1, 'book-xsa-683', 'Homicide', 'http://dummyimage.com/600x943.png/5fa2dd/ffffff', 'Morbi quis tortor id nulla ultrices aliquet. Maecenas leo odio, condimentum id, luctus nec, molestie sed, justo. Pellentesque viverra pede ac diam. Cras pellentesque volutpat dui. Maecenas tristique, est et tempus semper, est quam pharetra magna, ac consequat metus sapien ut nunc.', 2411, 0.26, 20, 2185, 4285, 5155, 15);
insert into books (id, pub_date, is_bestseller, slug, title, image, description, price, discount_price, author_id, purchase_amount, in_cart_amount, postponed_amount, genre_id) values (145, '2021-04-10', 1, 'book-lwd-666', 'Envy (Kiskanmak)', 'http://dummyimage.com/600x943.png/5fa2dd/ffffff', 'In eleifend quam a odio. In hac habitasse platea dictumst. Maecenas ut massa quis augue luctus tincidunt. Nulla mollis molestie lorem. Quisque ut erat.', 4233, 0.44, 3, 1241, 4834, 5143, 10);
insert into books (id, pub_date, is_bestseller, slug, title, image, description, price, discount_price, author_id, purchase_amount, in_cart_amount, postponed_amount, genre_id) values (146, '2021-06-08', 1, 'book-hgs-415', 'Cars That Ate Paris, The', 'http://dummyimage.com/600x943.png/5fa2dd/ffffff', 'Praesent blandit lacinia erat. Vestibulum sed magna at nunc commodo placerat. Praesent blandit. Nam nulla. Integer pede justo, lacinia eget, tincidunt eget, tempus vel, pede. Morbi porttitor lorem id ligula.', 3513, 0.18, 3, 1308, 4139, 5390, 59);
insert into books (id, pub_date, is_bestseller, slug, title, image, description, price, discount_price, author_id, purchase_amount, in_cart_amount, postponed_amount, genre_id) values (147, '2020-12-06', 1, 'book-kms-597', 'Bless Me, Ultima', 'http://dummyimage.com/600x943.png/5fa2dd/ffffff', 'Maecenas leo odio, condimentum id, luctus nec, molestie sed, justo. Pellentesque viverra pede ac diam. Cras pellentesque volutpat dui. Maecenas tristique, est et tempus semper, est quam pharetra magna, ac consequat metus sapien ut nunc. Vestibulum ante ipsum primis in faucibus orci luctus et ultrices posuere cubilia Curae; Mauris viverra diam vitae quam. Suspendisse potenti.', 4272, 0.21, 1, 2512, 4964, 8239, 9);
insert into books (id, pub_date, is_bestseller, slug, title, image, description, price, discount_price, author_id, purchase_amount, in_cart_amount, postponed_amount, genre_id) values (148, '2020-11-19', 1, 'book-hsb-475', 'Lotta pa Brakmakargatan', 'http://dummyimage.com/600x943.png/5fa2dd/ffffff', 'Vivamus vestibulum sagittis sapien. Cum sociis natoque penatibus et magnis dis parturient montes, nascetur ridiculus mus. Etiam vel augue. Vestibulum rutrum rutrum neque. Aenean auctor gravida sem. Praesent id massa id nisl venenatis lacinia.', 2121, 0.39, 5, 2514, 3193, 6624, 13);
insert into books (id, pub_date, is_bestseller, slug, title, image, description, price, discount_price, author_id, purchase_amount, in_cart_amount, postponed_amount, genre_id) values (149, '2020-12-04', 1, 'book-lyi-274', 'Bloody Birthday', 'http://dummyimage.com/600x943.png/5fa2dd/ffffff', 'Cras mi pede, malesuada in, imperdiet et, commodo vulputate, justo. In blandit ultrices enim. Lorem ipsum dolor sit amet, consectetuer adipiscing elit. Proin interdum mauris non ligula pellentesque ultrices. Phasellus id sapien in sapien iaculis congue. Vivamus metus arcu, adipiscing molestie, hendrerit at, vulputate vitae, nisl.', 3405, 0.11, 16, 1787, 3168, 5934, 44);
insert into books (id, pub_date, is_bestseller, slug, title, image, description, price, discount_price, author_id, purchase_amount, in_cart_amount, postponed_amount, genre_id) values (150, '2021-04-07', 1, 'book-kbf-377', 'Evil - In the Time of Heroes (To kako - Stin epohi ton iroon)', 'http://dummyimage.com/600x943.png/5fa2dd/ffffff', 'Nullam molestie nibh in lectus. Pellentesque at nulla. Suspendisse potenti. Cras in purus eu magna vulputate luctus. Cum sociis natoque penatibus et magnis dis parturient montes, nascetur ridiculus mus. Vivamus vestibulum sagittis sapien.', 1890, 0.48, 1, 1118, 3539, 7084, 57);
insert into books (id, pub_date, is_bestseller, slug, title, image, description, price, discount_price, author_id, purchase_amount, in_cart_amount, postponed_amount, genre_id) values (151, '2021-05-12', 0, 'book-pso-959', 'Adios Carmen', 'http://dummyimage.com/600x943.png/5fa2dd/ffffff', 'Curabitur convallis. Duis consequat dui nec nisi volutpat eleifend. Donec ut dolor. Morbi vel lectus in quam fringilla rhoncus. Mauris enim leo, rhoncus sed, vestibulum sit amet, cursus id, turpis.', 4130, 0.16, 12, 1817, 3569, 8681, 13);
insert into books (id, pub_date, is_bestseller, slug, title, image, description, price, discount_price, author_id, purchase_amount, in_cart_amount, postponed_amount, genre_id) values (152, '2020-10-15', 0, 'book-kke-529', 'Lusty Men, The', 'http://dummyimage.com/600x943.png/5fa2dd/ffffff', 'Mauris sit amet eros. Suspendisse accumsan tortor quis turpis. Sed ante. Vivamus tortor. Duis mattis egestas metus. Aenean fermentum.', 3076, 0.49, 10, 2883, 3885, 8566, 17);
insert into books (id, pub_date, is_bestseller, slug, title, image, description, price, discount_price, author_id, purchase_amount, in_cart_amount, postponed_amount, genre_id) values (153, '2021-03-05', 1, 'book-rhn-720', 'Men in the City (Mannerherzen)', 'http://dummyimage.com/600x943.png/5fa2dd/ffffff', 'Aenean fermentum. Donec ut mauris eget massa tempor convallis. Nulla neque libero, convallis eget, eleifend luctus, ultricies eu, nibh. Quisque id justo sit amet sapien dignissim vestibulum. Vestibulum ante ipsum primis in faucibus orci luctus et ultrices posuere cubilia Curae; Nulla dapibus dolor vel est. Donec odio justo, sollicitudin ut, suscipit a, feugiat et, eros.', 3276, 0.24, 13, 2799, 4695, 5139, 17);
insert into books (id, pub_date, is_bestseller, slug, title, image, description, price, discount_price, author_id, purchase_amount, in_cart_amount, postponed_amount, genre_id) values (154, '2021-07-27', 0, 'book-mhk-742', 'Talking Funny', 'http://dummyimage.com/600x943.png/5fa2dd/ffffff', 'Integer pede justo, lacinia eget, tincidunt eget, tempus vel, pede. Morbi porttitor lorem id ligula. Suspendisse ornare consequat lectus. In est risus, auctor sed, tristique in, tempus sit amet, sem. Fusce consequat. Nulla nisl.', 3928, 0.17, 21, 1239, 3070, 7450, 24);
insert into books (id, pub_date, is_bestseller, slug, title, image, description, price, discount_price, author_id, purchase_amount, in_cart_amount, postponed_amount, genre_id) values (155, '2021-02-11', 1, 'book-qof-143', 'Voodoo Tiger', 'http://dummyimage.com/600x943.png/5fa2dd/ffffff', 'Duis aliquam convallis nunc. Proin at turpis a pede posuere nonummy. Integer non velit. Donec diam neque, vestibulum eget, vulputate ut, ultrices vel, augue. Vestibulum ante ipsum primis in faucibus orci luctus et ultrices posuere cubilia Curae; Donec pharetra, magna vestibulum aliquet ultrices, erat tortor sollicitudin mi, sit amet lobortis sapien sapien non mi.', 3008, 0.34, 2, 2179, 4994, 5292, 23);
insert into books (id, pub_date, is_bestseller, slug, title, image, description, price, discount_price, author_id, purchase_amount, in_cart_amount, postponed_amount, genre_id) values (156, '2021-07-01', 0, 'book-qlc-538', 'King of California', 'http://dummyimage.com/600x943.png/5fa2dd/ffffff', 'Aenean sit amet justo. Morbi ut odio. Cras mi pede, malesuada in, imperdiet et, commodo vulputate, justo. In blandit ultrices enim. Lorem ipsum dolor sit amet, consectetuer adipiscing elit. Proin interdum mauris non ligula pellentesque ultrices.', 3887, 0.19, 17, 1021, 3445, 6189, 6);
insert into books (id, pub_date, is_bestseller, slug, title, image, description, price, discount_price, author_id, purchase_amount, in_cart_amount, postponed_amount, genre_id) values (157, '2021-09-07', 1, 'book-idc-844', 'Scorned', 'http://dummyimage.com/600x943.png/5fa2dd/ffffff', 'In sagittis dui vel nisl. Duis ac nibh. Fusce lacus purus, aliquet at, feugiat non, pretium quis, lectus. Suspendisse potenti. In eleifend quam a odio. In hac habitasse platea dictumst.', 4539, 0.3, 7, 2297, 4718, 6211, 24);
insert into books (id, pub_date, is_bestseller, slug, title, image, description, price, discount_price, author_id, purchase_amount, in_cart_amount, postponed_amount, genre_id) values (158, '2020-11-19', 0, 'book-jqg-860', 'Woodstock Diary', 'http://dummyimage.com/600x943.png/5fa2dd/ffffff', 'Vivamus vel nulla eget eros elementum pellentesque. Quisque porta volutpat erat. Quisque erat eros, viverra eget, congue eget, semper rutrum, nulla. Nunc purus. Phasellus in felis.', 2555, 0.26, 6, 2716, 3260, 6495, 28);
insert into books (id, pub_date, is_bestseller, slug, title, image, description, price, discount_price, author_id, purchase_amount, in_cart_amount, postponed_amount, genre_id) values (159, '2021-05-28', 1, 'book-zjz-837', 'Deadtime Stories', 'http://dummyimage.com/600x943.png/5fa2dd/ffffff', 'Nulla facilisi. Cras non velit nec nisi vulputate nonummy. Maecenas tincidunt lacus at velit. Vivamus vel nulla eget eros elementum pellentesque. Quisque porta volutpat erat. Quisque erat eros, viverra eget, congue eget, semper rutrum, nulla.', 3453, 0.26, 12, 1040, 3174, 8734, 40);
insert into books (id, pub_date, is_bestseller, slug, title, image, description, price, discount_price, author_id, purchase_amount, in_cart_amount, postponed_amount, genre_id) values (160, '2021-01-15', 1, 'book-ntv-530', 'Not Easily Broken', 'http://dummyimage.com/600x943.png/5fa2dd/ffffff', 'Nulla mollis molestie lorem. Quisque ut erat. Curabitur gravida nisi at nibh. In hac habitasse platea dictumst. Aliquam augue quam, sollicitudin vitae, consectetuer eget, rutrum at, lorem.', 3154, 0.38, 15, 2731, 4117, 5517, 46);
insert into books (id, pub_date, is_bestseller, slug, title, image, description, price, discount_price, author_id, purchase_amount, in_cart_amount, postponed_amount, genre_id) values (161, '2020-12-28', 0, 'book-xuo-049', 'Sadness of Sex, The', 'http://dummyimage.com/600x943.png/5fa2dd/ffffff', 'Mauris sit amet eros. Suspendisse accumsan tortor quis turpis. Sed ante. Vivamus tortor. Duis mattis egestas metus.', 3868, 0.25, 13, 1262, 4471, 5073, 20);
insert into books (id, pub_date, is_bestseller, slug, title, image, description, price, discount_price, author_id, purchase_amount, in_cart_amount, postponed_amount, genre_id) values (162, '2021-03-20', 0, 'book-lge-322', 'Redemption (Hummingbird)', 'http://dummyimage.com/600x943.png/5fa2dd/ffffff', 'Morbi quis tortor id nulla ultrices aliquet. Maecenas leo odio, condimentum id, luctus nec, molestie sed, justo. Pellentesque viverra pede ac diam. Cras pellentesque volutpat dui. Maecenas tristique, est et tempus semper, est quam pharetra magna, ac consequat metus sapien ut nunc. Vestibulum ante ipsum primis in faucibus orci luctus et ultrices posuere cubilia Curae; Mauris viverra diam vitae quam.', 2113, 0.13, 14, 2991, 3199, 8191, 55);
insert into books (id, pub_date, is_bestseller, slug, title, image, description, price, discount_price, author_id, purchase_amount, in_cart_amount, postponed_amount, genre_id) values (163, '2021-03-30', 1, 'book-nsb-164', 'For Pete''s Sake', 'http://dummyimage.com/600x943.png/5fa2dd/ffffff', 'Mauris lacinia sapien quis libero. Nullam sit amet turpis elementum ligula vehicula consequat. Morbi a ipsum. Integer a nibh. In quis justo. Maecenas rhoncus aliquam lacus.', 4593, 0.33, 14, 2188, 4791, 5195, 13);
insert into books (id, pub_date, is_bestseller, slug, title, image, description, price, discount_price, author_id, purchase_amount, in_cart_amount, postponed_amount, genre_id) values (164, '2021-05-21', 1, 'book-qbu-107', 'Dead Man', 'http://dummyimage.com/600x943.png/5fa2dd/ffffff', 'Suspendisse accumsan tortor quis turpis. Sed ante. Vivamus tortor. Duis mattis egestas metus. Aenean fermentum. Donec ut mauris eget massa tempor convallis.', 2999, 0.07, 9, 2098, 3653, 8804, 1);
insert into books (id, pub_date, is_bestseller, slug, title, image, description, price, discount_price, author_id, purchase_amount, in_cart_amount, postponed_amount, genre_id) values (165, '2021-06-28', 0, 'book-mln-904', 'Merchant of Four Seasons, The (Handler der vier Jahreszeiten)', 'http://dummyimage.com/600x943.png/5fa2dd/ffffff', 'Nulla ut erat id mauris vulputate elementum. Nullam varius. Nulla facilisi. Cras non velit nec nisi vulputate nonummy. Maecenas tincidunt lacus at velit. Vivamus vel nulla eget eros elementum pellentesque.', 1926, 0.49, 20, 2414, 4585, 8207, 14);
insert into books (id, pub_date, is_bestseller, slug, title, image, description, price, discount_price, author_id, purchase_amount, in_cart_amount, postponed_amount, genre_id) values (166, '2020-10-16', 0, 'book-wew-228', 'I Feel Sleepy', 'http://dummyimage.com/600x943.png/5fa2dd/ffffff', 'Morbi non lectus. Aliquam sit amet diam in magna bibendum imperdiet. Nullam orci pede, venenatis non, sodales sed, tincidunt eu, felis. Fusce posuere felis sed lacus. Morbi sem mauris, laoreet ut, rhoncus aliquet, pulvinar sed, nisl. Nunc rhoncus dui vel sem.', 1664, 0.47, 10, 1104, 3113, 7277, 8);
insert into books (id, pub_date, is_bestseller, slug, title, image, description, price, discount_price, author_id, purchase_amount, in_cart_amount, postponed_amount, genre_id) values (167, '2020-10-15', 1, 'book-acv-123', 'Carriage to Vienna', 'http://dummyimage.com/600x943.png/5fa2dd/ffffff', 'Donec diam neque, vestibulum eget, vulputate ut, ultrices vel, augue. Vestibulum ante ipsum primis in faucibus orci luctus et ultrices posuere cubilia Curae; Donec pharetra, magna vestibulum aliquet ultrices, erat tortor sollicitudin mi, sit amet lobortis sapien sapien non mi. Integer ac neque. Duis bibendum. Morbi non quam nec dui luctus rutrum. Nulla tellus.', 3572, 0.25, 11, 2733, 3694, 8139, 50);
insert into books (id, pub_date, is_bestseller, slug, title, image, description, price, discount_price, author_id, purchase_amount, in_cart_amount, postponed_amount, genre_id) values (168, '2021-09-20', 0, 'book-svj-473', 'Miss Bala', 'http://dummyimage.com/600x943.png/5fa2dd/ffffff', 'Suspendisse potenti. Cras in purus eu magna vulputate luctus. Cum sociis natoque penatibus et magnis dis parturient montes, nascetur ridiculus mus. Vivamus vestibulum sagittis sapien. Cum sociis natoque penatibus et magnis dis parturient montes, nascetur ridiculus mus.', 1497, 0.42, 8, 2573, 3434, 7633, 18);
insert into books (id, pub_date, is_bestseller, slug, title, image, description, price, discount_price, author_id, purchase_amount, in_cart_amount, postponed_amount, genre_id) values (169, '2020-12-17', 1, 'book-zzm-890', 'Werner - Volles Rooaaa', 'http://dummyimage.com/600x943.png/5fa2dd/ffffff', 'Fusce lacus purus, aliquet at, feugiat non, pretium quis, lectus. Suspendisse potenti. In eleifend quam a odio. In hac habitasse platea dictumst. Maecenas ut massa quis augue luctus tincidunt.', 4917, 0.17, 3, 1341, 3693, 6249, 25);
insert into books (id, pub_date, is_bestseller, slug, title, image, description, price, discount_price, author_id, purchase_amount, in_cart_amount, postponed_amount, genre_id) values (170, '2020-10-27', 1, 'book-okt-052', 'Werner Herzog Eats His Shoe', 'http://dummyimage.com/600x943.png/5fa2dd/ffffff', 'Suspendisse potenti. Nullam porttitor lacus at turpis. Donec posuere metus vitae ipsum. Aliquam non mauris. Morbi non lectus. Aliquam sit amet diam in magna bibendum imperdiet.', 4396, 0.25, 6, 1399, 4708, 8631, 17);
insert into books (id, pub_date, is_bestseller, slug, title, image, description, price, discount_price, author_id, purchase_amount, in_cart_amount, postponed_amount, genre_id) values (171, '2021-03-06', 1, 'book-peb-353', 'Boyfriends and Girlfriends (a.k.a. My Girlfriend''s Boyfriend) (L''ami de mon amie)', 'http://dummyimage.com/600x943.png/5fa2dd/ffffff', 'Integer ac leo. Pellentesque ultrices mattis odio. Donec vitae nisi. Nam ultrices, libero non mattis pulvinar, nulla pede ullamcorper augue, a suscipit nulla elit ac nulla. Sed vel enim sit amet nunc viverra dapibus.', 3743, 0.4, 10, 2667, 3473, 8751, 52);
insert into books (id, pub_date, is_bestseller, slug, title, image, description, price, discount_price, author_id, purchase_amount, in_cart_amount, postponed_amount, genre_id) values (172, '2021-09-03', 0, 'book-lcc-392', 'Never Met Picasso', 'http://dummyimage.com/600x943.png/5fa2dd/ffffff', 'Etiam vel augue. Vestibulum rutrum rutrum neque. Aenean auctor gravida sem. Praesent id massa id nisl venenatis lacinia. Aenean sit amet justo.', 4312, 0.48, 8, 1954, 3599, 5151, 60);
insert into books (id, pub_date, is_bestseller, slug, title, image, description, price, discount_price, author_id, purchase_amount, in_cart_amount, postponed_amount, genre_id) values (173, '2020-11-11', 0, 'book-kev-431', 'Boys in Company C, The', 'http://dummyimage.com/600x943.png/5fa2dd/ffffff', 'Vestibulum ante ipsum primis in faucibus orci luctus et ultrices posuere cubilia Curae; Mauris viverra diam vitae quam. Suspendisse potenti. Nullam porttitor lacus at turpis. Donec posuere metus vitae ipsum. Aliquam non mauris.', 4212, 0.37, 6, 1222, 4415, 7502, 21);
insert into books (id, pub_date, is_bestseller, slug, title, image, description, price, discount_price, author_id, purchase_amount, in_cart_amount, postponed_amount, genre_id) values (174, '2021-07-24', 0, 'book-lpx-717', 'Cabinet of Dr. Ramirez, The', 'http://dummyimage.com/600x943.png/5fa2dd/ffffff', 'Quisque ut erat. Curabitur gravida nisi at nibh. In hac habitasse platea dictumst. Aliquam augue quam, sollicitudin vitae, consectetuer eget, rutrum at, lorem. Integer tincidunt ante vel ipsum.', 1164, 0.37, 8, 2102, 4890, 5410, 10);
insert into books (id, pub_date, is_bestseller, slug, title, image, description, price, discount_price, author_id, purchase_amount, in_cart_amount, postponed_amount, genre_id) values (175, '2020-10-15', 0, 'book-ehi-816', 'Pinchcliffe Grand Prix (Flaklypa Grand Prix)', 'http://dummyimage.com/600x943.png/5fa2dd/ffffff', 'Fusce congue, diam id ornare imperdiet, sapien urna pretium nisl, ut volutpat sapien arcu sed augue. Aliquam erat volutpat. In congue. Etiam justo. Etiam pretium iaculis justo.', 4912, 0.46, 3, 1134, 4025, 8153, 48);
insert into books (id, pub_date, is_bestseller, slug, title, image, description, price, discount_price, author_id, purchase_amount, in_cart_amount, postponed_amount, genre_id) values (176, '2021-05-15', 1, 'book-jbi-086', 'City of No Limits, The (la ciudad sin limites, En)', 'http://dummyimage.com/600x943.png/5fa2dd/ffffff', 'Suspendisse potenti. Nullam porttitor lacus at turpis. Donec posuere metus vitae ipsum. Aliquam non mauris. Morbi non lectus. Aliquam sit amet diam in magna bibendum imperdiet.', 2391, 0.38, 12, 2837, 4973, 7067, 16);
insert into books (id, pub_date, is_bestseller, slug, title, image, description, price, discount_price, author_id, purchase_amount, in_cart_amount, postponed_amount, genre_id) values (177, '2021-05-08', 0, 'book-esw-441', 'Reaping, The', 'http://dummyimage.com/600x943.png/5fa2dd/ffffff', 'Suspendisse potenti. Nullam porttitor lacus at turpis. Donec posuere metus vitae ipsum. Aliquam non mauris. Morbi non lectus.', 3886, 0.35, 21, 2035, 3386, 7463, 54);
insert into books (id, pub_date, is_bestseller, slug, title, image, description, price, discount_price, author_id, purchase_amount, in_cart_amount, postponed_amount, genre_id) values (178, '2021-09-12', 0, 'book-ogx-416', 'Nebraska', 'http://dummyimage.com/600x943.png/5fa2dd/ffffff', 'In congue. Etiam justo. Etiam pretium iaculis justo. In hac habitasse platea dictumst. Etiam faucibus cursus urna. Ut tellus.', 2281, 0.29, 16, 1498, 4054, 5986, 13);
insert into books (id, pub_date, is_bestseller, slug, title, image, description, price, discount_price, author_id, purchase_amount, in_cart_amount, postponed_amount, genre_id) values (179, '2021-09-13', 0, 'book-ppy-072', 'Tampopo', 'http://dummyimage.com/600x943.png/5fa2dd/ffffff', 'Nullam molestie nibh in lectus. Pellentesque at nulla. Suspendisse potenti. Cras in purus eu magna vulputate luctus. Cum sociis natoque penatibus et magnis dis parturient montes, nascetur ridiculus mus.', 4368, 0.31, 16, 2608, 4231, 7664, 2);
insert into books (id, pub_date, is_bestseller, slug, title, image, description, price, discount_price, author_id, purchase_amount, in_cart_amount, postponed_amount, genre_id) values (180, '2021-02-01', 1, 'book-mgz-736', 'House of Strangers', 'http://dummyimage.com/600x943.png/5fa2dd/ffffff', 'Nam congue, risus semper porta volutpat, quam pede lobortis ligula, sit amet eleifend pede libero quis orci. Nullam molestie nibh in lectus. Pellentesque at nulla. Suspendisse potenti. Cras in purus eu magna vulputate luctus. Cum sociis natoque penatibus et magnis dis parturient montes, nascetur ridiculus mus.', 1713, 0.35, 13, 1252, 3918, 5503, 17);
insert into books (id, pub_date, is_bestseller, slug, title, image, description, price, discount_price, author_id, purchase_amount, in_cart_amount, postponed_amount, genre_id) values (181, '2021-09-06', 1, 'book-zmc-995', 'Hunting of the President, The', 'http://dummyimage.com/600x943.png/5fa2dd/ffffff', 'Aenean lectus. Pellentesque eget nunc. Donec quis orci eget orci vehicula condimentum. Curabitur in libero ut massa volutpat convallis. Morbi odio odio, elementum eu, interdum eu, tincidunt in, leo.', 2914, 0.11, 18, 2753, 4652, 6167, 40);
insert into books (id, pub_date, is_bestseller, slug, title, image, description, price, discount_price, author_id, purchase_amount, in_cart_amount, postponed_amount, genre_id) values (182, '2020-12-25', 1, 'book-aet-658', 'Aziz Ansari: Intimate Moments for a Sensual Evening', 'http://dummyimage.com/600x943.png/5fa2dd/ffffff', 'Nullam varius. Nulla facilisi. Cras non velit nec nisi vulputate nonummy. Maecenas tincidunt lacus at velit. Vivamus vel nulla eget eros elementum pellentesque. Quisque porta volutpat erat.', 3506, 0.4, 15, 2461, 4257, 6766, 27);
insert into books (id, pub_date, is_bestseller, slug, title, image, description, price, discount_price, author_id, purchase_amount, in_cart_amount, postponed_amount, genre_id) values (183, '2021-06-30', 0, 'book-kcu-499', 'Brass Monkey', 'http://dummyimage.com/600x943.png/5fa2dd/ffffff', 'Maecenas rhoncus aliquam lacus. Morbi quis tortor id nulla ultrices aliquet. Maecenas leo odio, condimentum id, luctus nec, molestie sed, justo. Pellentesque viverra pede ac diam. Cras pellentesque volutpat dui.', 2225, 0.07, 15, 1244, 4206, 7223, 7);
insert into books (id, pub_date, is_bestseller, slug, title, image, description, price, discount_price, author_id, purchase_amount, in_cart_amount, postponed_amount, genre_id) values (184, '2021-01-16', 0, 'book-jfr-016', 'The True Story of Puss ''n Boots', 'http://dummyimage.com/600x943.png/5fa2dd/ffffff', 'Vestibulum ac est lacinia nisi venenatis tristique. Fusce congue, diam id ornare imperdiet, sapien urna pretium nisl, ut volutpat sapien arcu sed augue. Aliquam erat volutpat. In congue. Etiam justo.', 3094, 0.2, 4, 2658, 4017, 6939, 27);
insert into books (id, pub_date, is_bestseller, slug, title, image, description, price, discount_price, author_id, purchase_amount, in_cart_amount, postponed_amount, genre_id) values (185, '2020-12-02', 1, 'book-qgu-040', 'Pocket Money', 'http://dummyimage.com/600x943.png/5fa2dd/ffffff', 'In est risus, auctor sed, tristique in, tempus sit amet, sem. Fusce consequat. Nulla nisl. Nunc nisl. Duis bibendum, felis sed interdum venenatis, turpis enim blandit mi, in porttitor pede justo eu massa. Donec dapibus.', 3236, 0.37, 6, 1803, 3917, 5466, 53);
insert into books (id, pub_date, is_bestseller, slug, title, image, description, price, discount_price, author_id, purchase_amount, in_cart_amount, postponed_amount, genre_id) values (186, '2021-08-22', 1, 'book-owz-186', 'Agony (a.k.a. Rasputin) (Agoniya)', 'http://dummyimage.com/600x943.png/5fa2dd/ffffff', 'Vivamus vel nulla eget eros elementum pellentesque. Quisque porta volutpat erat. Quisque erat eros, viverra eget, congue eget, semper rutrum, nulla. Nunc purus. Phasellus in felis.', 1286, 0.08, 16, 1360, 3069, 6073, 57);
insert into books (id, pub_date, is_bestseller, slug, title, image, description, price, discount_price, author_id, purchase_amount, in_cart_amount, postponed_amount, genre_id) values (187, '2020-12-01', 0, 'book-cvd-591', 'Sylvia Scarlett', 'http://dummyimage.com/600x943.png/5fa2dd/ffffff', 'Sed accumsan felis. Ut at dolor quis odio consequat varius. Integer ac leo. Pellentesque ultrices mattis odio. Donec vitae nisi.', 3931, 0.37, 2, 2185, 3863, 8635, 31);
insert into books (id, pub_date, is_bestseller, slug, title, image, description, price, discount_price, author_id, purchase_amount, in_cart_amount, postponed_amount, genre_id) values (188, '2021-03-03', 0, 'book-zxm-786', 'Scratch', 'http://dummyimage.com/600x943.png/5fa2dd/ffffff', 'In hac habitasse platea dictumst. Morbi vestibulum, velit id pretium iaculis, diam erat fermentum justo, nec condimentum neque sapien placerat ante. Nulla justo. Aliquam quis turpis eget elit sodales scelerisque. Mauris sit amet eros.', 4896, 0.29, 3, 2941, 3912, 6843, 37);
insert into books (id, pub_date, is_bestseller, slug, title, image, description, price, discount_price, author_id, purchase_amount, in_cart_amount, postponed_amount, genre_id) values (189, '2021-03-20', 0, 'book-gql-965', 'Karate Kid, Part II, The', 'http://dummyimage.com/600x943.png/5fa2dd/ffffff', 'Donec diam neque, vestibulum eget, vulputate ut, ultrices vel, augue. Vestibulum ante ipsum primis in faucibus orci luctus et ultrices posuere cubilia Curae; Donec pharetra, magna vestibulum aliquet ultrices, erat tortor sollicitudin mi, sit amet lobortis sapien sapien non mi. Integer ac neque. Duis bibendum. Morbi non quam nec dui luctus rutrum.', 2225, 0.38, 3, 1702, 4425, 6459, 4);
insert into books (id, pub_date, is_bestseller, slug, title, image, description, price, discount_price, author_id, purchase_amount, in_cart_amount, postponed_amount, genre_id) values (190, '2020-11-25', 1, 'book-teh-043', 'Eat Pray Love', 'http://dummyimage.com/600x943.png/5fa2dd/ffffff', 'Suspendisse potenti. Cras in purus eu magna vulputate luctus. Cum sociis natoque penatibus et magnis dis parturient montes, nascetur ridiculus mus. Vivamus vestibulum sagittis sapien. Cum sociis natoque penatibus et magnis dis parturient montes, nascetur ridiculus mus. Etiam vel augue.', 3968, 0.45, 19, 1180, 3820, 7365, 7);
insert into books (id, pub_date, is_bestseller, slug, title, image, description, price, discount_price, author_id, purchase_amount, in_cart_amount, postponed_amount, genre_id) values (191, '2021-08-06', 1, 'book-knj-447', 'Smart People', 'http://dummyimage.com/600x943.png/5fa2dd/ffffff', 'Vestibulum rutrum rutrum neque. Aenean auctor gravida sem. Praesent id massa id nisl venenatis lacinia. Aenean sit amet justo. Morbi ut odio.', 2541, 0.41, 11, 2647, 3242, 6841, 49);
insert into books (id, pub_date, is_bestseller, slug, title, image, description, price, discount_price, author_id, purchase_amount, in_cart_amount, postponed_amount, genre_id) values (192, '2021-04-09', 1, 'book-jiy-859', 'Dirty Dozen: The Deadly Mission', 'http://dummyimage.com/600x943.png/5fa2dd/ffffff', 'Maecenas tincidunt lacus at velit. Vivamus vel nulla eget eros elementum pellentesque. Quisque porta volutpat erat. Quisque erat eros, viverra eget, congue eget, semper rutrum, nulla. Nunc purus. Phasellus in felis.', 4797, 0.12, 18, 2602, 4822, 7040, 18);
insert into books (id, pub_date, is_bestseller, slug, title, image, description, price, discount_price, author_id, purchase_amount, in_cart_amount, postponed_amount, genre_id) values (193, '2021-05-21', 1, 'book-bnb-331', 'Streamers', 'http://dummyimage.com/600x943.png/5fa2dd/ffffff', 'Vestibulum ante ipsum primis in faucibus orci luctus et ultrices posuere cubilia Curae; Mauris viverra diam vitae quam. Suspendisse potenti. Nullam porttitor lacus at turpis. Donec posuere metus vitae ipsum. Aliquam non mauris.', 1747, 0.22, 6, 1422, 3602, 6483, 51);
insert into books (id, pub_date, is_bestseller, slug, title, image, description, price, discount_price, author_id, purchase_amount, in_cart_amount, postponed_amount, genre_id) values (194, '2021-01-07', 1, 'book-rvj-738', 'Winning Streak', 'http://dummyimage.com/600x943.png/5fa2dd/ffffff', 'Etiam vel augue. Vestibulum rutrum rutrum neque. Aenean auctor gravida sem. Praesent id massa id nisl venenatis lacinia. Aenean sit amet justo. Morbi ut odio.', 2307, 0.27, 14, 2104, 4043, 6433, 59);
insert into books (id, pub_date, is_bestseller, slug, title, image, description, price, discount_price, author_id, purchase_amount, in_cart_amount, postponed_amount, genre_id) values (195, '2021-07-31', 1, 'book-tkf-649', 'Terminator Salvation', 'http://dummyimage.com/600x943.png/5fa2dd/ffffff', 'Pellentesque at nulla. Suspendisse potenti. Cras in purus eu magna vulputate luctus. Cum sociis natoque penatibus et magnis dis parturient montes, nascetur ridiculus mus. Vivamus vestibulum sagittis sapien.', 4949, 0.32, 12, 2574, 4400, 6979, 2);
insert into books (id, pub_date, is_bestseller, slug, title, image, description, price, discount_price, author_id, purchase_amount, in_cart_amount, postponed_amount, genre_id) values (196, '2021-01-16', 0, 'book-ktw-885', 'Search for One-eye Jimmy, The', 'http://dummyimage.com/600x943.png/5fa2dd/ffffff', 'Proin leo odio, porttitor id, consequat in, consequat ut, nulla. Sed accumsan felis. Ut at dolor quis odio consequat varius. Integer ac leo. Pellentesque ultrices mattis odio.', 1604, 0.46, 11, 1670, 4828, 5856, 12);
insert into books (id, pub_date, is_bestseller, slug, title, image, description, price, discount_price, author_id, purchase_amount, in_cart_amount, postponed_amount, genre_id) values (197, '2020-12-10', 1, 'book-ygi-113', 'Creature from Black Lake ', 'http://dummyimage.com/600x943.png/5fa2dd/ffffff', 'Curabitur gravida nisi at nibh. In hac habitasse platea dictumst. Aliquam augue quam, sollicitudin vitae, consectetuer eget, rutrum at, lorem. Integer tincidunt ante vel ipsum. Praesent blandit lacinia erat.', 4683, 0.14, 11, 1470, 3189, 8437, 31);
insert into books (id, pub_date, is_bestseller, slug, title, image, description, price, discount_price, author_id, purchase_amount, in_cart_amount, postponed_amount, genre_id) values (198, '2021-06-02', 1, 'book-lpp-689', 'Island of the Burning Damned (Night of the Big Heat)', 'http://dummyimage.com/600x943.png/5fa2dd/ffffff', 'Nulla ut erat id mauris vulputate elementum. Nullam varius. Nulla facilisi. Cras non velit nec nisi vulputate nonummy. Maecenas tincidunt lacus at velit. Vivamus vel nulla eget eros elementum pellentesque.', 4341, 0.28, 18, 1348, 3599, 7794, 10);
insert into books (id, pub_date, is_bestseller, slug, title, image, description, price, discount_price, author_id, purchase_amount, in_cart_amount, postponed_amount, genre_id) values (199, '2020-11-26', 1, 'book-zki-190', 'Extraterrestrial', 'http://dummyimage.com/600x943.png/5fa2dd/ffffff', 'Vivamus metus arcu, adipiscing molestie, hendrerit at, vulputate vitae, nisl. Aenean lectus. Pellentesque eget nunc. Donec quis orci eget orci vehicula condimentum. Curabitur in libero ut massa volutpat convallis. Morbi odio odio, elementum eu, interdum eu, tincidunt in, leo.', 4547, 0.47, 15, 1171, 3476, 8575, 7);
insert into books (id, pub_date, is_bestseller, slug, title, image, description, price, discount_price, author_id, purchase_amount, in_cart_amount, postponed_amount, genre_id) values (200, '2021-03-11', 1, 'book-tgp-814', 'Hunted, The', 'http://dummyimage.com/600x943.png/5fa2dd/ffffff', 'In hac habitasse platea dictumst. Maecenas ut massa quis augue luctus tincidunt. Nulla mollis molestie lorem. Quisque ut erat. Curabitur gravida nisi at nibh.', 1106, 0.37, 13, 1517, 3881, 5303, 46);


-- users
insert into users (id, name, balance, contact, reg_time) values (1, 'Annice Dillingston', 3387, '89202839585', '2022-01-06 07:18:51');
insert into users (id, name, balance, contact, reg_time) values (2, 'Yorgos De la Perrelle', 3282, '83967777657', '2022-10-04 22:53:21');
insert into users (id, name, balance, contact, reg_time) values (3, 'Justina Bardill', 2312, '82113035488', '2022-09-22 15:20:57');
insert into users (id, name, balance, contact, reg_time) values (4, 'Brittaney Zipsell', 2800, '81316145907', '2022-08-18 08:34:10');
insert into users (id, name, balance, contact, reg_time) values (5, 'Gonzalo Daynter', 4608, '82531991433', '2022-02-14 18:45:42');
insert into users (id, name, balance, contact, reg_time) values (6, 'Rani Gianuzzi', 1529, '82725464934', '2022-07-13 17:35:09');
insert into users (id, name, balance, contact, reg_time) values (7, 'Meggi Byforth', 1400, '81518989263', '2022-09-02 02:03:55');
insert into users (id, name, balance, contact, reg_time) values (8, 'Ced Layland', 3576, '85418891228', '2022-11-11 13:59:04');
insert into users (id, name, balance, contact, reg_time) values (9, 'Fernande Algeo', 3184, '89087415992', '2022-10-23 11:23:33');
insert into users (id, name, balance, contact, reg_time) values (10, 'Fredra Danne', 3094, '83078707727', '2022-05-03 03:07:58');
insert into users (id, name, balance, contact, reg_time) values (11, 'Eddie McGuirk', 1890, '88568734883', '2022-08-25 07:08:58');
insert into users (id, name, balance, contact, reg_time) values (12, 'Simone Churchley', 3344, '87206485361', '2022-10-09 19:43:14');
insert into users (id, name, balance, contact, reg_time) values (13, 'Germain Hubeaux', 1434, '87922657067', '2022-02-27 19:39:17');
insert into users (id, name, balance, contact, reg_time) values (14, 'Ainslee Soloway', 1946, '86888214710', '2022-09-30 18:58:45');
insert into users (id, name, balance, contact, reg_time) values (15, 'Thurston Martusov', 3535, '87453672252', '2022-11-05 19:32:07');
insert into users (id, name, balance, contact, reg_time) values (16, 'Allen Mitham', 3353, '88916412118', '2021-12-01 00:23:37');
insert into users (id, name, balance, contact, reg_time) values (17, 'Tiebold Fuzzard', 1730, '81627098267', '2022-08-05 00:06:27');
insert into users (id, name, balance, contact, reg_time) values (18, 'Foster Gipps', 2120, '88186290463', '2022-10-31 18:21:32');
insert into users (id, name, balance, contact, reg_time) values (19, 'Faulkner Fortye', 3134, '85954490855', '2022-10-11 05:03:48');
insert into users (id, name, balance, contact, reg_time) values (20, 'Gawain Gueny', 3806, '81191278117', '2022-10-07 15:08:48');
insert into users (id, name, balance, contact, reg_time) values (21, 'Humfrid Nund', 3149, '89342908778', '2022-10-04 11:24:03');
insert into users (id, name, balance, contact, reg_time) values (22, 'Guglielma Pietraszek', 2297, '81199666063', '2022-10-22 20:16:17');
insert into users (id, name, balance, contact, reg_time) values (23, 'Odo Danslow', 3699, '86744296885', '2022-03-14 09:44:39');
insert into users (id, name, balance, contact, reg_time) values (24, 'Charil Itzakson', 2292, '88345132014', '2022-02-06 20:24:05');
insert into users (id, name, balance, contact, reg_time) values (25, 'Vanna Buckleigh', 3305, '83769403954', '2022-09-18 03:15:29');
insert into users (id, name, balance, contact, reg_time) values (26, 'Sybyl Strutz', 4030, '82626259389', '2022-08-17 11:03:29');
insert into users (id, name, balance, contact, reg_time) values (27, 'Trey Keeri', 4078, '81998413425', '2022-11-21 13:13:27');
insert into users (id, name, balance, contact, reg_time) values (28, 'Annabal Lyver', 4697, '87832014443', '2022-08-09 02:00:31');
insert into users (id, name, balance, contact, reg_time) values (29, 'Man Napoleon', 4743, '88937922939', '2022-07-20 21:44:49');
insert into users (id, name, balance, contact, reg_time) values (30, 'Cary Phizakarley', 4922, '88148672201', '2022-07-16 00:38:26');
insert into users (id, name, balance, contact, reg_time) values (31, 'Janaya Wagerfield', 1874, '83712158259', '2022-09-25 14:11:22');
insert into users (id, name, balance, contact, reg_time) values (32, 'Editha Braga', 4406, '88065460808', '2022-05-13 17:45:12');
insert into users (id, name, balance, contact, reg_time) values (33, 'Mathe Croser', 4053, '87509782233', '2022-01-24 11:53:46');
insert into users (id, name, balance, contact, reg_time) values (34, 'Angelina Winders', 1812, '81899051812', '2022-02-03 04:36:44');
insert into users (id, name, balance, contact, reg_time) values (35, 'Mark Babalola', 2769, '81264268526', '2022-01-31 11:42:46');
insert into users (id, name, balance, contact, reg_time) values (36, 'Paulie Sorro', 2625, '84061994673', '2022-09-04 14:52:51');
insert into users (id, name, balance, contact, reg_time) values (37, 'Rikki Will', 4448, '82075807461', '2022-01-30 07:58:35');
insert into users (id, name, balance, contact, reg_time) values (38, 'Camellia Ingram', 2437, '89655007583', '2022-09-06 10:48:05');
insert into users (id, name, balance, contact, reg_time) values (39, 'Porter Montford', 4587, '82902967157', '2022-02-12 03:34:40');
insert into users (id, name, balance, contact, reg_time) values (40, 'Kit Cellone', 1256, '82209662143', '2022-06-24 03:40:50');
insert into users (id, name, balance, contact, reg_time) values (41, 'Violante Highton', 3074, '82798581976', '2021-12-15 09:47:48');
insert into users (id, name, balance, contact, reg_time) values (42, 'Delmore Featherstone', 2051, '89876265709', '2022-10-09 20:59:51');
insert into users (id, name, balance, contact, reg_time) values (43, 'Zelig Hrihorovich', 4588, '83179611483', '2022-10-02 14:05:22');
insert into users (id, name, balance, contact, reg_time) values (44, 'Abra Kneeshaw', 4594, '83124893014', '2021-12-03 05:55:13');
insert into users (id, name, balance, contact, reg_time) values (45, 'Nertie Balogun', 2047, '89577290560', '2022-01-14 01:17:27');
insert into users (id, name, balance, contact, reg_time) values (46, 'Forrester Flecknoe', 3397, '88686309386', '2022-08-19 11:05:28');
insert into users (id, name, balance, contact, reg_time) values (47, 'Rena Cliff', 1805, '87957744520', '2022-04-08 00:54:25');
insert into users (id, name, balance, contact, reg_time) values (48, 'Armstrong Dodman', 1167, '87398212877', '2022-01-26 05:21:17');
insert into users (id, name, balance, contact, reg_time) values (49, 'Randi Bullion', 1900, '83775168530', '2022-11-03 11:16:36');
insert into users (id, name, balance, contact, reg_time) values (50, 'Pru Bispham', 4057, '83343110038', '2022-09-29 08:46:02');
insert into users (id, name, balance, contact, reg_time) values (51, 'Chad Bernardy', 2834, '86986400941', '2022-04-15 07:06:32');
insert into users (id, name, balance, contact, reg_time) values (52, 'Marie-jeanne Stearn', 2981, '84882580899', '2022-08-09 20:05:34');
insert into users (id, name, balance, contact, reg_time) values (53, 'Judie Farfalameev', 3173, '83019478034', '2021-12-18 01:01:35');
insert into users (id, name, balance, contact, reg_time) values (54, 'Caddric Renshall', 1103, '86031133153', '2022-04-06 18:18:05');
insert into users (id, name, balance, contact, reg_time) values (55, 'Octavius O''Cahey', 2271, '84091118007', '2022-09-28 10:01:07');
insert into users (id, name, balance, contact, reg_time) values (56, 'Breanne Laffin', 2367, '82894743751', '2022-06-06 11:47:49');
insert into users (id, name, balance, contact, reg_time) values (57, 'Jonis Tant', 3857, '82326667186', '2022-10-06 03:55:06');
insert into users (id, name, balance, contact, reg_time) values (58, 'Torrance Stammler', 2035, '88474771784', '2022-01-09 07:52:13');
insert into users (id, name, balance, contact, reg_time) values (59, 'Jamey Berka', 3802, '81721217587', '2022-10-14 08:14:01');
insert into users (id, name, balance, contact, reg_time) values (60, 'Tabitha Mularkey', 4567, '82145467750', '2022-05-25 17:17:21');
insert into users (id, name, balance, contact, reg_time) values (61, 'Loria Sicha', 2948, '83291958892', '2022-10-22 07:55:52');
insert into users (id, name, balance, contact, reg_time) values (62, 'Lowrance Jorgesen', 2211, '81248678088', '2022-07-15 16:19:43');
insert into users (id, name, balance, contact, reg_time) values (63, 'Maye Houselee', 2373, '83723362432', '2022-09-02 14:18:58');
insert into users (id, name, balance, contact, reg_time) values (64, 'Corliss Arbuckle', 4637, '85348189687', '2022-02-22 21:20:07');
insert into users (id, name, balance, contact, reg_time) values (65, 'Rochelle Orridge', 1594, '86101737300', '2022-11-13 04:33:29');
insert into users (id, name, balance, contact, reg_time) values (66, 'Gilburt Holliar', 1696, '81213783149', '2022-03-15 21:00:19');
insert into users (id, name, balance, contact, reg_time) values (67, 'Gloriana Questier', 1598, '88524637553', '2022-03-21 04:57:57');
insert into users (id, name, balance, contact, reg_time) values (68, 'Zelma Ritchman', 3295, '88219835584', '2022-01-29 01:16:56');
insert into users (id, name, balance, contact, reg_time) values (69, 'Magdalen Fakes', 1238, '89362300541', '2021-11-27 17:56:37');
insert into users (id, name, balance, contact, reg_time) values (70, 'Hope Tilio', 2388, '85586349713', '2022-09-03 11:32:00');
insert into users (id, name, balance, contact, reg_time) values (71, 'Von Stitson', 2841, '81329352822', '2022-02-22 07:54:05');
insert into users (id, name, balance, contact, reg_time) values (72, 'Federico Abramin', 4728, '86983714771', '2022-07-29 08:25:25');
insert into users (id, name, balance, contact, reg_time) values (73, 'Claudia Routhorn', 3452, '85876175603', '2022-11-03 11:16:26');
insert into users (id, name, balance, contact, reg_time) values (74, 'Xavier Garken', 4744, '88098036056', '2022-09-25 20:52:24');
insert into users (id, name, balance, contact, reg_time) values (75, 'Sandie Culham', 1342, '83393548176', '2022-04-10 00:28:59');
insert into users (id, name, balance, contact, reg_time) values (76, 'Larine MacCorley', 1067, '81242101950', '2022-03-26 15:38:06');
insert into users (id, name, balance, contact, reg_time) values (77, 'Maryjane Finicj', 2458, '88519666023', '2022-10-08 11:31:26');
insert into users (id, name, balance, contact, reg_time) values (78, 'Claudetta Gilder', 4071, '86146351021', '2022-09-06 16:01:19');
insert into users (id, name, balance, contact, reg_time) values (79, 'Sher Poulney', 4322, '89581986224', '2022-07-08 18:42:01');
insert into users (id, name, balance, contact, reg_time) values (80, 'Olia Croft', 2645, '81112665722', '2022-05-22 10:05:27');
insert into users (id, name, balance, contact, reg_time) values (81, 'Riley Murie', 2776, '88567399014', '2022-06-23 10:09:00');
insert into users (id, name, balance, contact, reg_time) values (82, 'Portie Canete', 3723, '88498967450', '2022-06-22 16:39:16');
insert into users (id, name, balance, contact, reg_time) values (83, 'Ardith Welsby', 3152, '81836787727', '2022-03-24 21:18:15');
insert into users (id, name, balance, contact, reg_time) values (84, 'Barry Camosso', 1230, '88781295615', '2022-11-11 23:40:53');
insert into users (id, name, balance, contact, reg_time) values (85, 'Isador Southwell', 4501, '85812506255', '2022-06-14 06:26:45');
insert into users (id, name, balance, contact, reg_time) values (86, 'Jason Sapson', 2328, '82408594560', '2022-01-13 10:06:12');
insert into users (id, name, balance, contact, reg_time) values (87, 'Gwenette Ruprich', 4366, '82612811919', '2022-09-30 04:50:59');
insert into users (id, name, balance, contact, reg_time) values (88, 'Orville Fairrie', 2828, '85261204915', '2022-09-11 14:23:32');
insert into users (id, name, balance, contact, reg_time) values (89, 'Marylee Taylot', 2173, '85196446663', '2022-01-08 21:30:01');
insert into users (id, name, balance, contact, reg_time) values (90, 'Heywood Kuhle', 3013, '88656284421', '2022-09-19 09:10:38');
insert into users (id, name, balance, contact, reg_time) values (91, 'Willamina Spleving', 2523, '81296987316', '2022-07-19 23:57:37');
insert into users (id, name, balance, contact, reg_time) values (92, 'Allina Robelet', 1723, '85531992225', '2022-05-25 17:24:58');
insert into users (id, name, balance, contact, reg_time) values (93, 'Moyra Burress', 4455, '83104561017', '2022-06-21 17:26:39');
insert into users (id, name, balance, contact, reg_time) values (94, 'Hussein Stoggles', 1317, '89559628313', '2022-04-13 02:54:34');
insert into users (id, name, balance, contact, reg_time) values (95, 'Sibelle Geertz', 4648, '86239727413', '2022-06-20 01:26:50');
insert into users (id, name, balance, contact, reg_time) values (96, 'Salomo Ingram', 2080, '85245348737', '2021-12-15 08:57:59');
insert into users (id, name, balance, contact, reg_time) values (97, 'Lenee Corona', 4304, '84913658642', '2022-08-05 22:07:01');
insert into users (id, name, balance, contact, reg_time) values (98, 'Garfield Shepley', 2578, '81516789661', '2022-10-16 06:23:32');
insert into users (id, name, balance, contact, reg_time) values (99, 'Stanford Belf', 2150, '87585627290', '2022-03-20 10:18:10');
insert into users (id, name, balance, contact, reg_time) values (100, 'Bryce Raoux', 4105, '86502390908', '2022-03-24 07:52:12');

-- book_review
insert into book_review (id, book_id, text, time, user_id) values (1, 19, 'congue elementum in hac habitasse platea', '2022-07-29 14:16:45', 6);
insert into book_review (id, book_id, text, time, user_id) values (2, 137, 'leo odio condimentum id luctus nec molestie sed', '2022-08-29 04:02:13', 61);
insert into book_review (id, book_id, text, time, user_id) values (3, 11, 'ac neque duis bibendum morbi non quam', '2022-08-09 09:30:52', 37);
insert into book_review (id, book_id, text, time, user_id) values (4, 20, 'potenti cras in purus eu magna vulputate', '2022-06-01 15:44:25', 19);
insert into book_review (id, book_id, text, time, user_id) values (5, 83, 'pede justo lacinia eget tincidunt eget tempus vel pede morbi', '2022-11-09 08:59:00', 85);
insert into book_review (id, book_id, text, time, user_id) values (6, 44, 'pellentesque ultrices phasellus id sapien in sapien iaculis congue', '2022-10-20 06:15:26', 35);
insert into book_review (id, book_id, text, time, user_id) values (7, 189, 'in eleifend quam', '2021-12-24 20:54:34', 73);
insert into book_review (id, book_id, text, time, user_id) values (8, 88, 'in hac habitasse platea dictumst', '2022-08-30 11:36:51', 94);
insert into book_review (id, book_id, text, time, user_id) values (9, 144, 'integer ac neque duis bibendum morbi non quam nec', '2022-08-16 04:25:16', 11);
insert into book_review (id, book_id, text, time, user_id) values (10, 4, 'euismod scelerisque quam turpis adipiscing lorem vitae mattis nibh', '2022-11-07 13:56:37', 30);
insert into book_review (id, book_id, text, time, user_id) values (11, 39, 'in blandit ultrices enim lorem ipsum dolor sit amet consectetuer', '2022-02-07 07:59:17', 60);
insert into book_review (id, book_id, text, time, user_id) values (12, 58, 'interdum venenatis turpis enim', '2022-04-09 12:24:35', 96);
insert into book_review (id, book_id, text, time, user_id) values (13, 22, 'accumsan tellus nisi eu orci mauris lacinia sapien quis libero', '2022-06-04 19:24:19', 57);
insert into book_review (id, book_id, text, time, user_id) values (14, 5, 'non mauris morbi', '2022-11-16 00:55:56', 49);
insert into book_review (id, book_id, text, time, user_id) values (15, 93, 'vestibulum ante ipsum primis in faucibus orci luctus et', '2022-02-17 09:58:16', 13);
insert into book_review (id, book_id, text, time, user_id) values (16, 62, 'pede justo eu', '2022-10-02 14:41:33', 9);
insert into book_review (id, book_id, text, time, user_id) values (17, 10, 'dui nec nisi volutpat eleifend donec ut', '2022-02-05 13:30:42', 62);
insert into book_review (id, book_id, text, time, user_id) values (18, 88, 'nunc commodo placerat praesent blandit', '2022-08-25 18:31:42', 85);
insert into book_review (id, book_id, text, time, user_id) values (19, 113, 'vestibulum ante ipsum', '2021-12-25 00:19:34', 57);
insert into book_review (id, book_id, text, time, user_id) values (20, 141, 'mauris laoreet ut rhoncus', '2021-12-29 19:30:58', 91);
insert into book_review (id, book_id, text, time, user_id) values (21, 146, 'orci nullam molestie nibh in lectus', '2022-04-26 03:29:08', 52);
insert into book_review (id, book_id, text, time, user_id) values (22, 182, 'libero nam dui proin leo odio porttitor', '2022-06-04 05:43:46', 95);
insert into book_review (id, book_id, text, time, user_id) values (23, 27, 'natoque penatibus et magnis', '2022-06-09 06:22:49', 22);
insert into book_review (id, book_id, text, time, user_id) values (24, 53, 'pede morbi porttitor lorem', '2022-10-08 17:34:00', 51);
insert into book_review (id, book_id, text, time, user_id) values (25, 117, 'cubilia curae donec pharetra magna vestibulum aliquet ultrices erat tortor', '2022-04-27 08:29:44', 59);
insert into book_review (id, book_id, text, time, user_id) values (26, 1, 'curae donec pharetra magna vestibulum aliquet ultrices erat tortor', '2022-10-16 12:30:24', 64);
insert into book_review (id, book_id, text, time, user_id) values (27, 105, 'est lacinia nisi venenatis tristique', '2022-01-21 16:59:14', 63);
insert into book_review (id, book_id, text, time, user_id) values (28, 80, 'cursus id turpis integer aliquet massa', '2022-05-21 19:44:31', 17);
insert into book_review (id, book_id, text, time, user_id) values (29, 9, 'sit amet consectetuer adipiscing elit proin risus praesent lectus vestibulum', '2022-08-29 12:49:55', 93);
insert into book_review (id, book_id, text, time, user_id) values (30, 57, 'erat fermentum justo nec condimentum neque sapien', '2022-10-14 18:34:45', 88);
insert into book_review (id, book_id, text, time, user_id) values (31, 17, 'erat volutpat in congue etiam justo', '2022-08-31 21:15:21', 50);
insert into book_review (id, book_id, text, time, user_id) values (32, 133, 'erat quisque erat eros viverra eget congue', '2022-08-27 13:48:33', 100);
insert into book_review (id, book_id, text, time, user_id) values (33, 188, 'convallis nunc proin at turpis a pede', '2022-11-21 15:14:41', 70);
insert into book_review (id, book_id, text, time, user_id) values (34, 48, 'fringilla rhoncus mauris enim', '2022-10-11 10:09:05', 54);
insert into book_review (id, book_id, text, time, user_id) values (35, 90, 'lorem quisque ut erat curabitur', '2022-08-22 05:16:51', 6);
insert into book_review (id, book_id, text, time, user_id) values (36, 126, 'primis in faucibus orci luctus et ultrices posuere', '2022-09-14 00:34:19', 50);
insert into book_review (id, book_id, text, time, user_id) values (37, 58, 'suscipit a feugiat et eros vestibulum ac est', '2022-02-02 07:29:40', 41);
insert into book_review (id, book_id, text, time, user_id) values (38, 131, 'sit amet nunc viverra', '2022-07-07 02:23:42', 49);
insert into book_review (id, book_id, text, time, user_id) values (39, 81, 'luctus et ultrices posuere cubilia curae donec pharetra magna vestibulum', '2022-08-01 16:07:23', 31);
insert into book_review (id, book_id, text, time, user_id) values (40, 107, 'in faucibus orci luctus', '2022-05-11 17:23:30', 44);
insert into book_review (id, book_id, text, time, user_id) values (41, 142, 'dapibus dolor vel est donec odio', '2021-12-13 21:23:20', 2);
insert into book_review (id, book_id, text, time, user_id) values (42, 39, 'adipiscing elit proin interdum', '2022-01-02 16:20:16', 52);
insert into book_review (id, book_id, text, time, user_id) values (43, 66, 'luctus rutrum nulla tellus in sagittis dui vel nisl', '2022-04-27 16:25:40', 78);
insert into book_review (id, book_id, text, time, user_id) values (44, 50, 'ullamcorper purus sit amet nulla quisque arcu libero rutrum ac', '2022-04-05 17:09:47', 82);
insert into book_review (id, book_id, text, time, user_id) values (45, 103, 'ac leo pellentesque ultrices mattis odio donec', '2022-09-20 14:40:32', 86);
insert into book_review (id, book_id, text, time, user_id) values (46, 133, 'eu orci mauris lacinia sapien', '2022-07-06 22:57:18', 5);
insert into book_review (id, book_id, text, time, user_id) values (47, 91, 'leo maecenas pulvinar', '2022-10-14 17:15:14', 55);
insert into book_review (id, book_id, text, time, user_id) values (48, 57, 'nisi vulputate nonummy maecenas tincidunt lacus', '2022-05-14 06:21:36', 1);
insert into book_review (id, book_id, text, time, user_id) values (49, 144, 'cras non velit', '2022-07-26 07:29:18', 25);
insert into book_review (id, book_id, text, time, user_id) values (50, 105, 'quis augue luctus tincidunt nulla', '2022-03-28 13:43:30', 60);
insert into book_review (id, book_id, text, time, user_id) values (51, 49, 'ut suscipit a feugiat', '2022-06-12 02:54:22', 98);
insert into book_review (id, book_id, text, time, user_id) values (52, 90, 'integer non velit donec diam neque', '2022-09-28 13:00:20', 58);
insert into book_review (id, book_id, text, time, user_id) values (53, 14, 'luctus rutrum nulla', '2022-11-22 09:41:19', 1);
insert into book_review (id, book_id, text, time, user_id) values (54, 55, 'duis aliquam convallis nunc proin at turpis a', '2022-03-06 18:52:18', 62);
insert into book_review (id, book_id, text, time, user_id) values (55, 85, 'amet consectetuer adipiscing elit proin risus praesent', '2022-08-31 04:07:18', 16);
insert into book_review (id, book_id, text, time, user_id) values (56, 4, 'nullam varius nulla facilisi cras non velit', '2022-03-06 06:43:43', 57);
insert into book_review (id, book_id, text, time, user_id) values (57, 198, 'magna at nunc commodo placerat praesent', '2021-12-25 16:22:10', 41);
insert into book_review (id, book_id, text, time, user_id) values (58, 72, 'velit nec nisi vulputate nonummy maecenas tincidunt lacus', '2021-12-11 05:57:22', 8);
insert into book_review (id, book_id, text, time, user_id) values (59, 25, 'sit amet nunc viverra dapibus nulla', '2022-10-24 12:55:19', 40);
insert into book_review (id, book_id, text, time, user_id) values (60, 151, 'risus praesent lectus vestibulum quam sapien varius ut blandit', '2022-05-23 10:53:32', 26);
insert into book_review (id, book_id, text, time, user_id) values (61, 124, 'eu mi nulla ac enim in tempor turpis nec euismod', '2022-08-17 05:46:05', 71);
insert into book_review (id, book_id, text, time, user_id) values (62, 45, 'amet consectetuer adipiscing elit proin risus praesent lectus vestibulum', '2022-08-30 17:22:58', 14);
insert into book_review (id, book_id, text, time, user_id) values (63, 126, 'urna pretium nisl ut volutpat sapien arcu sed augue', '2022-04-21 12:40:47', 45);
insert into book_review (id, book_id, text, time, user_id) values (64, 18, 'sapien in sapien iaculis congue vivamus metus arcu adipiscing', '2022-11-10 22:25:16', 72);
insert into book_review (id, book_id, text, time, user_id) values (65, 193, 'hendrerit at vulputate vitae nisl aenean lectus pellentesque eget nunc', '2022-05-03 16:19:01', 29);
insert into book_review (id, book_id, text, time, user_id) values (66, 46, 'rutrum at lorem integer tincidunt ante vel ipsum praesent blandit', '2022-04-25 01:04:58', 41);
insert into book_review (id, book_id, text, time, user_id) values (67, 185, 'felis ut at dolor quis odio consequat', '2022-07-27 05:45:18', 22);
insert into book_review (id, book_id, text, time, user_id) values (68, 85, 'suscipit nulla elit ac nulla sed vel enim', '2022-03-23 16:27:06', 46);
insert into book_review (id, book_id, text, time, user_id) values (69, 86, 'condimentum id luctus', '2021-11-28 04:59:49', 61);
insert into book_review (id, book_id, text, time, user_id) values (70, 188, 'quisque arcu libero rutrum ac lobortis', '2022-11-02 05:14:50', 88);
insert into book_review (id, book_id, text, time, user_id) values (71, 143, 'aliquet maecenas leo', '2022-04-24 11:05:50', 49);
insert into book_review (id, book_id, text, time, user_id) values (72, 32, 'ligula pellentesque ultrices phasellus id sapien in sapien iaculis', '2021-12-05 20:43:47', 55);
insert into book_review (id, book_id, text, time, user_id) values (73, 194, 'ligula pellentesque ultrices phasellus id', '2022-01-07 00:23:13', 50);
insert into book_review (id, book_id, text, time, user_id) values (74, 91, 'donec ut mauris eget massa tempor convallis nulla neque', '2022-09-27 00:20:30', 85);
insert into book_review (id, book_id, text, time, user_id) values (75, 177, 'sagittis sapien cum sociis', '2022-02-02 05:25:38', 67);
insert into book_review (id, book_id, text, time, user_id) values (76, 18, 'aliquet maecenas leo odio condimentum', '2022-02-04 22:18:11', 46);
insert into book_review (id, book_id, text, time, user_id) values (77, 100, 'eget nunc donec quis orci eget orci vehicula', '2021-11-27 17:01:34', 84);
insert into book_review (id, book_id, text, time, user_id) values (78, 79, 'mattis pulvinar nulla pede ullamcorper', '2022-01-23 01:49:18', 64);
insert into book_review (id, book_id, text, time, user_id) values (79, 77, 'vestibulum sagittis sapien cum sociis natoque penatibus et', '2022-05-23 08:20:14', 40);
insert into book_review (id, book_id, text, time, user_id) values (80, 27, 'hac habitasse platea dictumst aliquam augue quam sollicitudin vitae', '2022-06-15 22:27:54', 47);
insert into book_review (id, book_id, text, time, user_id) values (81, 46, 'faucibus orci luctus et ultrices posuere cubilia curae mauris viverra', '2022-07-19 21:50:04', 1);
insert into book_review (id, book_id, text, time, user_id) values (82, 179, 'sollicitudin ut suscipit a feugiat et eros vestibulum ac', '2022-09-09 18:30:45', 13);
insert into book_review (id, book_id, text, time, user_id) values (83, 135, 'sapien dignissim vestibulum vestibulum ante ipsum primis in faucibus orci', '2022-11-07 03:13:58', 76);
insert into book_review (id, book_id, text, time, user_id) values (84, 99, 'ut at dolor quis odio', '2022-03-26 12:02:27', 17);
insert into book_review (id, book_id, text, time, user_id) values (85, 98, 'sit amet consectetuer adipiscing elit proin', '2022-08-13 01:32:21', 43);
insert into book_review (id, book_id, text, time, user_id) values (86, 162, 'pede posuere nonummy integer non velit donec diam', '2022-08-26 07:35:46', 15);
insert into book_review (id, book_id, text, time, user_id) values (87, 85, 'in quis justo maecenas rhoncus aliquam lacus', '2022-07-06 19:45:16', 52);
insert into book_review (id, book_id, text, time, user_id) values (88, 15, 'nisi volutpat eleifend donec ut dolor', '2022-10-30 08:13:29', 69);
insert into book_review (id, book_id, text, time, user_id) values (89, 185, 'donec ut mauris eget massa tempor', '2022-06-19 17:00:21', 62);
insert into book_review (id, book_id, text, time, user_id) values (90, 69, 'phasellus id sapien in sapien iaculis congue vivamus metus', '2022-08-03 23:55:50', 21);
insert into book_review (id, book_id, text, time, user_id) values (91, 23, 'nulla pede ullamcorper augue a suscipit nulla', '2022-06-15 15:03:01', 38);
insert into book_review (id, book_id, text, time, user_id) values (92, 106, 'ornare imperdiet sapien urna pretium nisl', '2021-12-12 12:28:38', 2);
insert into book_review (id, book_id, text, time, user_id) values (93, 30, 'pede lobortis ligula sit amet eleifend pede libero quis', '2022-04-03 10:32:47', 17);
insert into book_review (id, book_id, text, time, user_id) values (94, 191, 'consectetuer adipiscing elit', '2022-02-27 13:50:35', 59);
insert into book_review (id, book_id, text, time, user_id) values (95, 88, 'maecenas leo odio condimentum id luctus nec molestie sed justo', '2022-02-03 22:18:13', 55);
insert into book_review (id, book_id, text, time, user_id) values (96, 58, 'dapibus duis at velit', '2022-03-12 11:47:24', 23);
insert into book_review (id, book_id, text, time, user_id) values (97, 166, 'quisque ut erat curabitur gravida nisi at nibh', '2022-09-02 19:56:20', 36);
insert into book_review (id, book_id, text, time, user_id) values (98, 155, 'hac habitasse platea dictumst aliquam augue quam sollicitudin vitae', '2022-02-24 06:23:18', 3);
insert into book_review (id, book_id, text, time, user_id) values (99, 98, 'luctus et ultrices posuere cubilia curae donec pharetra', '2022-02-22 16:37:55', 71);
insert into book_review (id, book_id, text, time, user_id) values (100, 30, 'adipiscing lorem vitae mattis nibh ligula nec sem duis aliquam', '2022-03-18 02:42:42', 63);
insert into book_review (id, book_id, text, time, user_id) values (101, 3, 'venenatis tristique fusce congue diam id', '2022-07-17 11:34:38', 34);
insert into book_review (id, book_id, text, time, user_id) values (102, 85, 'mauris morbi non lectus aliquam sit amet', '2021-12-07 06:57:33', 8);
insert into book_review (id, book_id, text, time, user_id) values (103, 198, 'blandit ultrices enim lorem', '2022-03-23 03:09:55', 19);
insert into book_review (id, book_id, text, time, user_id) values (104, 94, 'volutpat convallis morbi', '2022-04-14 05:11:26', 25);
insert into book_review (id, book_id, text, time, user_id) values (105, 107, 'tincidunt ante vel ipsum praesent blandit lacinia erat vestibulum', '2022-03-11 09:36:58', 63);
insert into book_review (id, book_id, text, time, user_id) values (106, 93, 'convallis morbi odio odio elementum', '2022-02-20 06:01:24', 77);
insert into book_review (id, book_id, text, time, user_id) values (107, 177, 'justo pellentesque viverra pede ac', '2022-09-11 19:37:18', 27);
insert into book_review (id, book_id, text, time, user_id) values (108, 172, 'id consequat in consequat ut nulla', '2022-07-28 17:55:46', 96);
insert into book_review (id, book_id, text, time, user_id) values (109, 42, 'pede justo lacinia eget tincidunt eget tempus vel pede morbi', '2022-06-02 10:15:01', 88);
insert into book_review (id, book_id, text, time, user_id) values (110, 76, 'primis in faucibus orci luctus et ultrices', '2022-05-04 04:58:40', 60);
insert into book_review (id, book_id, text, time, user_id) values (111, 162, 'vel ipsum praesent', '2022-07-20 19:49:01', 100);
insert into book_review (id, book_id, text, time, user_id) values (112, 51, 'dapibus dolor vel est donec odio justo sollicitudin', '2021-12-16 13:43:58', 47);
insert into book_review (id, book_id, text, time, user_id) values (113, 64, 'dui vel sem sed sagittis nam', '2021-12-13 12:51:28', 16);
insert into book_review (id, book_id, text, time, user_id) values (114, 128, 'curabitur gravida nisi at nibh in hac', '2022-09-02 11:46:03', 73);
insert into book_review (id, book_id, text, time, user_id) values (115, 183, 'nisi eu orci mauris lacinia sapien quis libero nullam sit', '2022-10-27 17:28:25', 68);
insert into book_review (id, book_id, text, time, user_id) values (116, 122, 'quisque ut erat curabitur gravida nisi at', '2022-04-10 06:07:18', 51);
insert into book_review (id, book_id, text, time, user_id) values (117, 14, 'in lacus curabitur at ipsum ac tellus', '2022-01-25 00:54:05', 50);
insert into book_review (id, book_id, text, time, user_id) values (118, 50, 'sed vel enim', '2022-05-15 15:28:47', 98);
insert into book_review (id, book_id, text, time, user_id) values (119, 134, 'orci luctus et ultrices posuere cubilia curae duis faucibus accumsan', '2022-05-02 08:25:00', 96);
insert into book_review (id, book_id, text, time, user_id) values (120, 182, 'posuere felis sed lacus morbi sem mauris laoreet ut rhoncus', '2022-08-01 00:19:24', 14);
insert into book_review (id, book_id, text, time, user_id) values (121, 83, 'sapien quis libero nullam sit amet turpis', '2022-11-18 01:41:32', 68);
insert into book_review (id, book_id, text, time, user_id) values (122, 88, 'pretium iaculis diam erat fermentum', '2022-06-20 00:59:07', 59);
insert into book_review (id, book_id, text, time, user_id) values (123, 138, 'aliquam sit amet', '2022-04-14 12:31:47', 85);
insert into book_review (id, book_id, text, time, user_id) values (124, 162, 'at lorem integer', '2021-12-02 19:49:46', 14);
insert into book_review (id, book_id, text, time, user_id) values (125, 189, 'vitae consectetuer eget rutrum', '2022-09-07 15:16:01', 47);
insert into book_review (id, book_id, text, time, user_id) values (126, 29, 'ligula vehicula consequat morbi a ipsum integer a', '2022-07-14 21:57:33', 80);
insert into book_review (id, book_id, text, time, user_id) values (127, 199, 'vestibulum velit id pretium iaculis diam erat fermentum', '2022-01-06 16:43:19', 58);
insert into book_review (id, book_id, text, time, user_id) values (128, 142, 'et commodo vulputate justo in blandit ultrices enim', '2022-03-12 09:46:01', 63);
insert into book_review (id, book_id, text, time, user_id) values (129, 90, 'nisl ut volutpat sapien arcu sed augue aliquam erat volutpat', '2022-04-20 08:11:38', 47);
insert into book_review (id, book_id, text, time, user_id) values (130, 89, 'pellentesque eget nunc', '2022-02-12 00:45:50', 92);
insert into book_review (id, book_id, text, time, user_id) values (131, 190, 'parturient montes nascetur ridiculus mus etiam vel augue vestibulum', '2022-03-15 10:21:15', 73);
insert into book_review (id, book_id, text, time, user_id) values (132, 49, 'velit vivamus vel nulla eget eros elementum pellentesque quisque porta', '2022-10-10 19:51:03', 81);
insert into book_review (id, book_id, text, time, user_id) values (133, 140, 'orci nullam molestie nibh in lectus pellentesque at nulla suspendisse', '2022-03-31 18:46:56', 42);
insert into book_review (id, book_id, text, time, user_id) values (134, 127, 'integer a nibh in quis justo maecenas', '2022-03-24 02:05:46', 73);
insert into book_review (id, book_id, text, time, user_id) values (135, 31, 'lacinia aenean sit amet justo', '2022-07-11 09:45:42', 4);
insert into book_review (id, book_id, text, time, user_id) values (136, 72, 'ante vivamus tortor duis mattis egestas metus aenean', '2021-12-22 05:00:45', 87);
insert into book_review (id, book_id, text, time, user_id) values (137, 47, 'metus vitae ipsum aliquam non mauris', '2022-10-30 14:37:12', 10);
insert into book_review (id, book_id, text, time, user_id) values (138, 146, 'amet lobortis sapien sapien non mi integer ac', '2022-08-13 09:04:16', 33);
insert into book_review (id, book_id, text, time, user_id) values (139, 104, 'mi integer ac neque duis', '2022-06-25 19:48:41', 55);
insert into book_review (id, book_id, text, time, user_id) values (140, 36, 'vel accumsan tellus nisi eu orci mauris lacinia', '2022-10-13 04:57:46', 85);
insert into book_review (id, book_id, text, time, user_id) values (141, 136, 'vivamus in felis eu sapien cursus vestibulum proin eu', '2022-07-03 19:30:18', 4);
insert into book_review (id, book_id, text, time, user_id) values (142, 197, 'curabitur in libero ut massa volutpat', '2022-02-20 03:51:49', 25);
insert into book_review (id, book_id, text, time, user_id) values (143, 29, 'aliquet at feugiat non', '2022-03-16 16:11:46', 22);
insert into book_review (id, book_id, text, time, user_id) values (144, 196, 'ligula in lacus', '2022-07-16 08:48:16', 36);
insert into book_review (id, book_id, text, time, user_id) values (145, 87, 'viverra diam vitae quam', '2022-11-01 11:11:33', 54);
insert into book_review (id, book_id, text, time, user_id) values (146, 153, 'volutpat dui maecenas tristique est et tempus semper', '2022-09-05 01:11:09', 53);
insert into book_review (id, book_id, text, time, user_id) values (147, 5, 'in congue etiam justo etiam pretium iaculis justo in hac', '2022-10-26 12:30:31', 39);
insert into book_review (id, book_id, text, time, user_id) values (148, 15, 'ac nulla sed vel enim sit amet nunc viverra', '2022-05-06 21:19:12', 53);
insert into book_review (id, book_id, text, time, user_id) values (149, 1, 'sapien sapien non mi integer ac neque duis', '2022-05-29 22:08:57', 26);
insert into book_review (id, book_id, text, time, user_id) values (150, 95, 'interdum mauris non ligula', '2022-03-13 04:24:27', 86);
insert into book_review (id, book_id, text, time, user_id) values (151, 22, 'sit amet sem fusce consequat nulla', '2022-06-19 04:07:32', 94);
insert into book_review (id, book_id, text, time, user_id) values (152, 182, 'at nibh in hac habitasse platea dictumst', '2022-07-08 23:01:17', 26);
insert into book_review (id, book_id, text, time, user_id) values (153, 73, 'velit id pretium iaculis diam erat', '2022-04-10 09:01:21', 49);
insert into book_review (id, book_id, text, time, user_id) values (154, 121, 'duis bibendum felis sed interdum venenatis turpis enim blandit mi', '2022-09-27 06:44:21', 86);
insert into book_review (id, book_id, text, time, user_id) values (155, 43, 'in lectus pellentesque at nulla suspendisse potenti cras', '2022-02-25 17:08:35', 51);
insert into book_review (id, book_id, text, time, user_id) values (156, 100, 'ultrices enim lorem', '2022-10-16 07:02:08', 19);
insert into book_review (id, book_id, text, time, user_id) values (157, 25, 'id pretium iaculis diam', '2022-09-30 01:21:07', 99);
insert into book_review (id, book_id, text, time, user_id) values (158, 18, 'in hac habitasse platea dictumst aliquam augue quam sollicitudin', '2022-09-15 07:51:22', 18);
insert into book_review (id, book_id, text, time, user_id) values (159, 130, 'duis consequat dui nec nisi', '2022-08-21 04:35:09', 62);
insert into book_review (id, book_id, text, time, user_id) values (160, 100, 'sapien ut nunc vestibulum', '2021-12-26 21:09:20', 46);
insert into book_review (id, book_id, text, time, user_id) values (161, 76, 'at feugiat non pretium quis lectus suspendisse', '2022-01-13 16:07:17', 93);
insert into book_review (id, book_id, text, time, user_id) values (162, 77, 'urna pretium nisl ut volutpat sapien arcu sed augue', '2022-08-23 07:54:47', 22);
insert into book_review (id, book_id, text, time, user_id) values (163, 87, 'sagittis nam congue risus semper', '2022-06-23 02:00:44', 90);
insert into book_review (id, book_id, text, time, user_id) values (164, 124, 'rutrum rutrum neque aenean auctor gravida', '2021-12-19 01:04:14', 66);
insert into book_review (id, book_id, text, time, user_id) values (165, 186, 'et commodo vulputate justo in blandit ultrices enim', '2022-03-29 08:42:02', 86);
insert into book_review (id, book_id, text, time, user_id) values (166, 45, 'praesent lectus vestibulum quam', '2022-02-08 12:51:39', 86);
insert into book_review (id, book_id, text, time, user_id) values (167, 138, 'est donec odio justo sollicitudin ut suscipit a feugiat et', '2022-10-06 20:17:44', 96);
insert into book_review (id, book_id, text, time, user_id) values (168, 40, 'felis sed lacus', '2021-11-27 16:28:53', 73);
insert into book_review (id, book_id, text, time, user_id) values (169, 106, 'odio donec vitae nisi nam ultrices libero non', '2022-09-13 23:37:07', 3);
insert into book_review (id, book_id, text, time, user_id) values (170, 117, 'eleifend luctus ultricies eu nibh', '2022-03-29 21:23:06', 75);
insert into book_review (id, book_id, text, time, user_id) values (171, 87, 'ut massa quis', '2022-07-01 23:20:47', 98);
insert into book_review (id, book_id, text, time, user_id) values (172, 196, 'quis augue luctus tincidunt nulla mollis molestie', '2022-09-08 02:50:30', 15);
insert into book_review (id, book_id, text, time, user_id) values (173, 58, 'sed tincidunt eu felis fusce posuere', '2022-04-17 13:51:12', 38);
insert into book_review (id, book_id, text, time, user_id) values (174, 72, 'cubilia curae donec pharetra', '2022-01-30 15:01:51', 85);
insert into book_review (id, book_id, text, time, user_id) values (175, 9, 'nisi eu orci mauris lacinia sapien quis libero nullam sit', '2022-09-04 08:44:25', 33);
insert into book_review (id, book_id, text, time, user_id) values (176, 186, 'ultrices mattis odio donec vitae nisi nam ultrices libero non', '2021-12-10 16:19:00', 57);
insert into book_review (id, book_id, text, time, user_id) values (177, 173, 'id nulla ultrices aliquet', '2022-03-11 07:59:13', 81);
insert into book_review (id, book_id, text, time, user_id) values (178, 141, 'nec molestie sed justo pellentesque viverra pede ac', '2021-12-06 21:14:33', 52);
insert into book_review (id, book_id, text, time, user_id) values (179, 103, 'sed justo pellentesque viverra pede ac diam cras', '2022-07-10 18:33:20', 6);
insert into book_review (id, book_id, text, time, user_id) values (180, 118, 'sit amet eros suspendisse accumsan tortor quis turpis sed', '2021-12-08 12:42:49', 7);
insert into book_review (id, book_id, text, time, user_id) values (181, 63, 'odio cras mi pede malesuada in imperdiet et commodo', '2022-08-03 19:55:23', 77);
insert into book_review (id, book_id, text, time, user_id) values (182, 191, 'lacinia sapien quis libero nullam sit amet turpis elementum ligula', '2022-05-03 20:48:51', 20);
insert into book_review (id, book_id, text, time, user_id) values (183, 88, 'pulvinar nulla pede', '2022-05-25 23:50:41', 72);
insert into book_review (id, book_id, text, time, user_id) values (184, 83, 'vitae mattis nibh ligula nec', '2022-03-15 12:12:10', 54);
insert into book_review (id, book_id, text, time, user_id) values (185, 166, 'a suscipit nulla elit ac nulla sed vel enim sit', '2022-10-09 01:51:02', 24);
insert into book_review (id, book_id, text, time, user_id) values (186, 41, 'ipsum primis in faucibus orci', '2022-08-28 01:14:31', 49);
insert into book_review (id, book_id, text, time, user_id) values (187, 118, 'lectus pellentesque eget nunc', '2021-12-20 12:30:27', 41);
insert into book_review (id, book_id, text, time, user_id) values (188, 152, 'est lacinia nisi venenatis tristique', '2022-06-03 18:23:54', 26);
insert into book_review (id, book_id, text, time, user_id) values (189, 186, 'quis libero nullam sit amet turpis elementum', '2022-05-10 00:37:13', 12);
insert into book_review (id, book_id, text, time, user_id) values (190, 174, 'lobortis est phasellus sit amet erat nulla', '2022-02-02 03:13:04', 24);
insert into book_review (id, book_id, text, time, user_id) values (191, 102, 'arcu sed augue aliquam erat', '2022-03-05 08:09:38', 99);
insert into book_review (id, book_id, text, time, user_id) values (192, 108, 'dapibus augue vel', '2022-10-27 19:49:10', 35);
insert into book_review (id, book_id, text, time, user_id) values (193, 144, 'tincidunt eget tempus vel pede morbi porttitor', '2022-02-15 00:46:14', 32);
insert into book_review (id, book_id, text, time, user_id) values (194, 186, 'placerat praesent blandit nam nulla integer pede', '2021-12-07 18:59:55', 82);
insert into book_review (id, book_id, text, time, user_id) values (195, 65, 'tortor id nulla', '2022-07-21 00:13:48', 6);
insert into book_review (id, book_id, text, time, user_id) values (196, 193, 'nisl duis ac', '2022-04-11 12:39:03', 43);
insert into book_review (id, book_id, text, time, user_id) values (197, 174, 'porttitor pede justo eu massa donec dapibus duis at velit', '2022-11-22 17:00:38', 46);
insert into book_review (id, book_id, text, time, user_id) values (198, 12, 'ac diam cras pellentesque volutpat dui maecenas tristique', '2022-09-29 13:14:00', 54);
insert into book_review (id, book_id, text, time, user_id) values (199, 32, 'quam pharetra magna ac consequat metus sapien ut nunc', '2022-06-20 20:50:52', 19);
insert into book_review (id, book_id, text, time, user_id) values (200, 84, 'consequat varius integer ac leo', '2022-08-22 20:19:08', 100);
insert into book_review (id, book_id, text, time, user_id) values (201, 169, 'diam vitae quam suspendisse', '2022-11-01 12:02:26', 99);
insert into book_review (id, book_id, text, time, user_id) values (202, 152, 'felis eu sapien cursus vestibulum', '2021-12-22 21:51:40', 58);
insert into book_review (id, book_id, text, time, user_id) values (203, 61, 'pretium nisl ut volutpat sapien', '2022-03-14 10:15:43', 79);
insert into book_review (id, book_id, text, time, user_id) values (204, 183, 'sapien arcu sed augue aliquam erat volutpat in', '2022-10-06 11:36:04', 36);
insert into book_review (id, book_id, text, time, user_id) values (205, 119, 'integer a nibh in quis justo', '2022-11-20 00:39:49', 8);
insert into book_review (id, book_id, text, time, user_id) values (206, 65, 'turpis nec euismod scelerisque', '2022-04-07 20:11:08', 96);
insert into book_review (id, book_id, text, time, user_id) values (207, 131, 'consectetuer adipiscing elit proin', '2022-04-01 19:45:04', 83);
insert into book_review (id, book_id, text, time, user_id) values (208, 113, 'lacus morbi sem mauris laoreet ut rhoncus aliquet pulvinar sed', '2022-05-22 09:49:03', 51);
insert into book_review (id, book_id, text, time, user_id) values (209, 162, 'amet justo morbi ut odio cras mi pede malesuada in', '2022-05-10 12:26:58', 5);
insert into book_review (id, book_id, text, time, user_id) values (210, 87, 'aliquet ultrices erat tortor sollicitudin mi sit amet', '2022-04-28 18:31:37', 28);
insert into book_review (id, book_id, text, time, user_id) values (211, 198, 'iaculis justo in hac habitasse platea dictumst etiam faucibus', '2022-10-27 10:49:36', 37);
insert into book_review (id, book_id, text, time, user_id) values (212, 14, 'phasellus sit amet', '2022-09-13 07:43:39', 29);
insert into book_review (id, book_id, text, time, user_id) values (213, 53, 'nulla facilisi cras', '2022-05-26 21:47:56', 69);
insert into book_review (id, book_id, text, time, user_id) values (214, 53, 'blandit ultrices enim lorem ipsum dolor', '2022-01-27 17:21:54', 25);
insert into book_review (id, book_id, text, time, user_id) values (215, 191, 'vehicula consequat morbi a', '2021-12-23 20:14:37', 64);
insert into book_review (id, book_id, text, time, user_id) values (216, 177, 'ac lobortis vel dapibus at diam nam tristique', '2022-05-04 04:56:20', 59);
insert into book_review (id, book_id, text, time, user_id) values (217, 156, 'justo in blandit', '2022-01-10 14:52:45', 55);
insert into book_review (id, book_id, text, time, user_id) values (218, 16, 'ante vestibulum ante ipsum primis', '2022-03-03 07:57:44', 92);
insert into book_review (id, book_id, text, time, user_id) values (219, 43, 'ipsum primis in faucibus', '2022-09-29 09:11:04', 7);
insert into book_review (id, book_id, text, time, user_id) values (220, 162, 'pharetra magna vestibulum aliquet ultrices erat tortor sollicitudin', '2022-09-27 19:20:14', 9);
insert into book_review (id, book_id, text, time, user_id) values (221, 82, 'quam sapien varius ut blandit non interdum in ante', '2022-10-17 04:57:42', 10);
insert into book_review (id, book_id, text, time, user_id) values (222, 45, 'nec sem duis aliquam convallis nunc', '2021-12-05 05:27:43', 65);
insert into book_review (id, book_id, text, time, user_id) values (223, 87, 'odio odio elementum eu', '2022-05-16 09:22:46', 18);
insert into book_review (id, book_id, text, time, user_id) values (224, 153, 'massa volutpat convallis morbi odio odio elementum eu interdum eu', '2022-11-19 08:00:23', 33);
insert into book_review (id, book_id, text, time, user_id) values (225, 116, 'egestas metus aenean fermentum donec ut mauris eget massa tempor', '2022-10-21 02:17:31', 18);
insert into book_review (id, book_id, text, time, user_id) values (226, 152, 'purus aliquet at feugiat non pretium quis lectus suspendisse', '2021-12-12 03:18:01', 40);
insert into book_review (id, book_id, text, time, user_id) values (227, 130, 'suspendisse potenti cras', '2022-05-11 13:46:50', 51);
insert into book_review (id, book_id, text, time, user_id) values (228, 162, 'vel dapibus at', '2021-11-30 17:06:29', 72);
insert into book_review (id, book_id, text, time, user_id) values (229, 11, 'ultrices posuere cubilia curae mauris viverra diam vitae quam suspendisse', '2022-10-18 00:13:35', 99);
insert into book_review (id, book_id, text, time, user_id) values (230, 131, 'sed nisl nunc rhoncus dui vel', '2022-09-22 08:28:26', 58);
insert into book_review (id, book_id, text, time, user_id) values (231, 139, 'vulputate vitae nisl aenean lectus pellentesque eget nunc donec quis', '2022-11-12 03:06:16', 39);
insert into book_review (id, book_id, text, time, user_id) values (232, 83, 'nec condimentum neque', '2022-02-18 09:56:36', 36);
insert into book_review (id, book_id, text, time, user_id) values (233, 143, 'sit amet sapien dignissim vestibulum', '2022-05-16 01:24:49', 3);
insert into book_review (id, book_id, text, time, user_id) values (234, 20, 'ac diam cras pellentesque volutpat dui', '2022-04-01 13:58:05', 18);
insert into book_review (id, book_id, text, time, user_id) values (235, 164, 'varius integer ac leo pellentesque', '2022-07-30 08:03:25', 68);
insert into book_review (id, book_id, text, time, user_id) values (236, 78, 'est risus auctor sed tristique in tempus', '2022-02-15 20:40:29', 91);
insert into book_review (id, book_id, text, time, user_id) values (237, 134, 'id massa id nisl venenatis lacinia aenean sit amet justo', '2022-11-05 15:44:57', 29);
insert into book_review (id, book_id, text, time, user_id) values (238, 84, 'erat tortor sollicitudin mi sit amet lobortis sapien sapien', '2022-06-25 08:08:34', 67);
insert into book_review (id, book_id, text, time, user_id) values (239, 92, 'justo sollicitudin ut suscipit a feugiat et', '2022-02-13 06:15:17', 82);
insert into book_review (id, book_id, text, time, user_id) values (240, 79, 'imperdiet nullam orci pede venenatis non sodales', '2022-07-31 03:53:02', 72);
insert into book_review (id, book_id, text, time, user_id) values (241, 13, 'id ornare imperdiet sapien urna pretium', '2022-05-15 20:29:26', 33);
insert into book_review (id, book_id, text, time, user_id) values (242, 178, 'vivamus metus arcu', '2022-06-07 01:11:23', 81);
insert into book_review (id, book_id, text, time, user_id) values (243, 130, 'dolor quis odio consequat varius integer ac leo pellentesque', '2022-04-12 01:12:55', 21);
insert into book_review (id, book_id, text, time, user_id) values (244, 151, 'aliquet at feugiat non pretium quis lectus suspendisse', '2022-07-17 07:41:24', 1);
insert into book_review (id, book_id, text, time, user_id) values (245, 35, 'cursus vestibulum proin eu mi', '2022-11-13 05:52:01', 35);
insert into book_review (id, book_id, text, time, user_id) values (246, 133, 'nibh in lectus pellentesque', '2022-02-01 06:37:52', 24);
insert into book_review (id, book_id, text, time, user_id) values (247, 32, 'suspendisse accumsan tortor', '2022-05-22 16:31:13', 84);
insert into book_review (id, book_id, text, time, user_id) values (248, 160, 'amet cursus id turpis integer aliquet massa', '2022-06-18 04:52:16', 60);
insert into book_review (id, book_id, text, time, user_id) values (249, 198, 'consequat nulla nisl nunc nisl', '2022-01-22 21:15:58', 5);
insert into book_review (id, book_id, text, time, user_id) values (250, 6, 'eros suspendisse accumsan', '2022-09-23 02:23:54', 3);
insert into book_review (id, book_id, text, time, user_id) values (251, 108, 'lacinia aenean sit amet', '2022-02-16 13:18:20', 87);
insert into book_review (id, book_id, text, time, user_id) values (252, 86, 'nunc rhoncus dui vel sem sed sagittis nam congue risus', '2022-05-26 23:04:15', 99);
insert into book_review (id, book_id, text, time, user_id) values (253, 184, 'hendrerit at vulputate vitae nisl aenean', '2022-03-02 07:23:13', 42);
insert into book_review (id, book_id, text, time, user_id) values (254, 55, 'iaculis congue vivamus metus arcu', '2022-01-13 13:30:57', 38);
insert into book_review (id, book_id, text, time, user_id) values (255, 99, 'eu nibh quisque', '2022-05-21 22:22:36', 32);
insert into book_review (id, book_id, text, time, user_id) values (256, 82, 'ante nulla justo aliquam quis turpis', '2021-12-31 06:11:36', 52);
insert into book_review (id, book_id, text, time, user_id) values (257, 37, 'luctus et ultrices posuere', '2022-06-25 17:17:50', 78);
insert into book_review (id, book_id, text, time, user_id) values (258, 76, 'faucibus orci luctus', '2022-10-08 17:11:29', 57);
insert into book_review (id, book_id, text, time, user_id) values (259, 7, 'vitae ipsum aliquam non', '2021-12-11 21:41:02', 97);
insert into book_review (id, book_id, text, time, user_id) values (260, 124, 'dignissim vestibulum vestibulum ante ipsum primis in faucibus', '2022-04-10 16:08:47', 1);
insert into book_review (id, book_id, text, time, user_id) values (261, 176, 'morbi vestibulum velit id pretium iaculis diam erat', '2022-10-29 18:19:02', 8);
insert into book_review (id, book_id, text, time, user_id) values (262, 168, 'tempus sit amet sem fusce consequat nulla nisl', '2022-09-24 10:57:09', 61);
insert into book_review (id, book_id, text, time, user_id) values (263, 18, 'eget congue eget semper rutrum nulla nunc', '2022-01-02 07:10:45', 74);
insert into book_review (id, book_id, text, time, user_id) values (264, 128, 'non mi integer ac neque duis bibendum', '2022-08-08 08:50:15', 48);
insert into book_review (id, book_id, text, time, user_id) values (265, 126, 'felis ut at dolor quis odio consequat varius', '2022-09-12 15:42:57', 50);
insert into book_review (id, book_id, text, time, user_id) values (266, 107, 'rhoncus aliquam lacus morbi quis tortor id', '2021-11-30 23:08:57', 64);
insert into book_review (id, book_id, text, time, user_id) values (267, 97, 'sollicitudin ut suscipit a feugiat', '2022-08-27 02:09:52', 92);
insert into book_review (id, book_id, text, time, user_id) values (268, 31, 'lorem ipsum dolor sit amet consectetuer adipiscing elit', '2022-06-30 03:04:23', 25);
insert into book_review (id, book_id, text, time, user_id) values (269, 132, 'potenti cras in purus eu magna vulputate', '2022-10-14 01:40:23', 9);
insert into book_review (id, book_id, text, time, user_id) values (270, 191, 'rutrum ac lobortis vel dapibus at diam nam tristique', '2022-05-02 15:41:52', 18);
insert into book_review (id, book_id, text, time, user_id) values (271, 23, 'sit amet eros suspendisse accumsan tortor quis turpis sed', '2021-12-15 07:11:42', 51);
insert into book_review (id, book_id, text, time, user_id) values (272, 90, 'nunc rhoncus dui vel', '2022-02-16 15:45:11', 99);
insert into book_review (id, book_id, text, time, user_id) values (273, 163, 'posuere cubilia curae donec', '2022-09-19 18:05:58', 20);
insert into book_review (id, book_id, text, time, user_id) values (274, 167, 'montes nascetur ridiculus mus etiam', '2022-04-03 23:06:00', 26);
insert into book_review (id, book_id, text, time, user_id) values (275, 93, 'nulla integer pede justo lacinia', '2022-11-26 11:03:41', 57);
insert into book_review (id, book_id, text, time, user_id) values (276, 156, 'magna at nunc commodo placerat', '2022-08-03 05:28:26', 94);
insert into book_review (id, book_id, text, time, user_id) values (277, 71, 'rutrum neque aenean auctor gravida sem praesent id massa', '2022-03-21 22:04:39', 15);
insert into book_review (id, book_id, text, time, user_id) values (278, 132, 'eleifend quam a odio in hac habitasse platea dictumst', '2022-01-23 14:36:58', 77);
insert into book_review (id, book_id, text, time, user_id) values (279, 163, 'penatibus et magnis dis parturient montes nascetur ridiculus mus', '2022-08-25 20:01:51', 68);
insert into book_review (id, book_id, text, time, user_id) values (280, 72, 'id luctus nec molestie sed justo pellentesque', '2022-05-02 11:54:07', 10);
insert into book_review (id, book_id, text, time, user_id) values (281, 82, 'dui vel sem sed sagittis', '2022-08-07 07:38:07', 8);
insert into book_review (id, book_id, text, time, user_id) values (282, 112, 'vivamus metus arcu adipiscing molestie hendrerit at', '2022-11-20 15:28:11', 69);
insert into book_review (id, book_id, text, time, user_id) values (283, 143, 'suscipit ligula in lacus curabitur', '2022-07-25 14:21:23', 91);
insert into book_review (id, book_id, text, time, user_id) values (284, 177, 'molestie lorem quisque ut erat curabitur gravida nisi at nibh', '2022-03-29 08:29:12', 93);
insert into book_review (id, book_id, text, time, user_id) values (285, 46, 'mi in porttitor pede justo', '2022-02-25 19:06:07', 49);
insert into book_review (id, book_id, text, time, user_id) values (286, 172, 'fringilla rhoncus mauris enim', '2022-08-02 23:55:03', 76);
insert into book_review (id, book_id, text, time, user_id) values (287, 125, 'eget massa tempor convallis nulla neque libero convallis', '2022-05-03 17:36:15', 51);
insert into book_review (id, book_id, text, time, user_id) values (288, 144, 'etiam justo etiam pretium iaculis justo in', '2022-01-22 02:44:43', 68);
insert into book_review (id, book_id, text, time, user_id) values (289, 179, 'vivamus in felis eu sapien cursus vestibulum proin eu', '2022-07-24 18:18:45', 38);
insert into book_review (id, book_id, text, time, user_id) values (290, 36, 'mollis molestie lorem quisque ut erat curabitur gravida nisi at', '2022-02-17 10:58:39', 73);
insert into book_review (id, book_id, text, time, user_id) values (291, 99, 'donec quis orci eget orci', '2022-04-02 05:43:08', 86);
insert into book_review (id, book_id, text, time, user_id) values (292, 40, 'consequat in consequat', '2022-01-05 09:02:37', 28);
insert into book_review (id, book_id, text, time, user_id) values (293, 20, 'in quam fringilla rhoncus mauris', '2022-01-27 09:27:46', 74);
insert into book_review (id, book_id, text, time, user_id) values (294, 197, 'cum sociis natoque penatibus et magnis dis parturient montes', '2022-03-14 13:57:27', 54);
insert into book_review (id, book_id, text, time, user_id) values (295, 99, 'augue vestibulum rutrum rutrum', '2022-02-01 17:04:09', 75);
insert into book_review (id, book_id, text, time, user_id) values (296, 6, 'cursus id turpis integer aliquet massa id lobortis convallis', '2022-09-06 08:05:26', 1);
insert into book_review (id, book_id, text, time, user_id) values (297, 8, 'pede posuere nonummy integer non velit donec', '2022-05-20 07:59:06', 42);
insert into book_review (id, book_id, text, time, user_id) values (298, 196, 'platea dictumst etiam faucibus cursus', '2022-09-18 14:06:47', 99);
insert into book_review (id, book_id, text, time, user_id) values (299, 168, 'aliquam non mauris morbi non lectus aliquam sit amet', '2022-07-02 05:36:33', 49);
insert into book_review (id, book_id, text, time, user_id) values (300, 116, 'potenti cras in purus eu', '2022-11-11 02:33:45', 100);

insert into book_review_like (id, review_id, user_id, time, value) values (1, 59, 79, '2022-04-04 06:42:19', 1);
insert into book_review_like (id, review_id, user_id, time, value) values (2, 41, 93, '2022-01-12 09:57:51', 1);
insert into book_review_like (id, review_id, user_id, time, value) values (3, 102, 41, '2022-10-25 19:36:38', 1);
insert into book_review_like (id, review_id, user_id, time, value) values (4, 245, 77, '2022-02-22 20:29:07', 1);
insert into book_review_like (id, review_id, user_id, time, value) values (5, 283, 80, '2022-03-08 04:24:29', 1);
insert into book_review_like (id, review_id, user_id, time, value) values (6, 59, 98, '2022-09-10 10:42:56', 1);
insert into book_review_like (id, review_id, user_id, time, value) values (7, 93, 29, '2022-05-10 13:50:28', 1);
insert into book_review_like (id, review_id, user_id, time, value) values (8, 146, 43, '2022-02-08 02:03:07', 1);
insert into book_review_like (id, review_id, user_id, time, value) values (9, 187, 40, '2022-05-06 16:30:59', 1);
insert into book_review_like (id, review_id, user_id, time, value) values (10, 292, 93, '2022-09-29 01:31:00', 1);
insert into book_review_like (id, review_id, user_id, time, value) values (11, 35, 81, '2022-02-12 10:27:43', 1);
insert into book_review_like (id, review_id, user_id, time, value) values (12, 195, 81, '2022-11-22 02:03:07', 1);
insert into book_review_like (id, review_id, user_id, time, value) values (13, 152, 40, '2022-01-05 08:03:14', 1);
insert into book_review_like (id, review_id, user_id, time, value) values (14, 141, 25, '2022-06-29 19:32:32', 1);
insert into book_review_like (id, review_id, user_id, time, value) values (15, 115, 38, '2022-06-22 02:34:12', 1);
insert into book_review_like (id, review_id, user_id, time, value) values (16, 45, 98, '2022-11-24 10:35:54', 1);
insert into book_review_like (id, review_id, user_id, time, value) values (17, 101, 23, '2022-08-06 20:05:58', 1);
insert into book_review_like (id, review_id, user_id, time, value) values (18, 177, 99, '2022-04-17 20:26:09', 1);
insert into book_review_like (id, review_id, user_id, time, value) values (19, 277, 8, '2022-11-21 02:21:01', 1);
insert into book_review_like (id, review_id, user_id, time, value) values (20, 292, 79, '2022-03-05 23:08:40', 1);
insert into book_review_like (id, review_id, user_id, time, value) values (21, 9, 33, '2022-01-14 05:47:04', 1);
insert into book_review_like (id, review_id, user_id, time, value) values (22, 31, 45, '2022-11-06 07:28:11', 1);
insert into book_review_like (id, review_id, user_id, time, value) values (23, 118, 37, '2022-02-19 11:30:19', 1);
insert into book_review_like (id, review_id, user_id, time, value) values (24, 144, 99, '2021-12-17 21:54:45', 1);
insert into book_review_like (id, review_id, user_id, time, value) values (25, 149, 6, '2022-11-06 07:12:47', 1);
insert into book_review_like (id, review_id, user_id, time, value) values (26, 217, 26, '2022-04-20 22:18:06', 1);
insert into book_review_like (id, review_id, user_id, time, value) values (27, 271, 42, '2022-02-06 05:44:21', 1);
insert into book_review_like (id, review_id, user_id, time, value) values (28, 228, 92, '2022-07-23 05:47:02', 1);
insert into book_review_like (id, review_id, user_id, time, value) values (29, 94, 28, '2022-06-10 18:05:15', 1);
insert into book_review_like (id, review_id, user_id, time, value) values (30, 46, 61, '2022-08-18 11:44:53', 1);
insert into book_review_like (id, review_id, user_id, time, value) values (31, 174, 33, '2022-04-03 19:02:59', 1);
insert into book_review_like (id, review_id, user_id, time, value) values (32, 112, 38, '2022-08-17 17:37:34', 1);
insert into book_review_like (id, review_id, user_id, time, value) values (33, 1, 68, '2022-06-21 13:21:54', 1);
insert into book_review_like (id, review_id, user_id, time, value) values (34, 26, 34, '2022-08-30 14:49:56', 1);
insert into book_review_like (id, review_id, user_id, time, value) values (35, 219, 64, '2022-08-29 01:27:55', 1);
insert into book_review_like (id, review_id, user_id, time, value) values (36, 263, 22, '2022-04-20 20:23:25', 1);
insert into book_review_like (id, review_id, user_id, time, value) values (37, 34, 7, '2022-02-11 00:11:10', 1);
insert into book_review_like (id, review_id, user_id, time, value) values (38, 156, 35, '2022-09-12 08:12:14', 1);
insert into book_review_like (id, review_id, user_id, time, value) values (39, 192, 10, '2022-05-07 16:04:35', 1);
insert into book_review_like (id, review_id, user_id, time, value) values (40, 125, 69, '2022-05-30 09:50:40', 1);
insert into book_review_like (id, review_id, user_id, time, value) values (41, 211, 64, '2022-11-17 12:54:21', 1);
insert into book_review_like (id, review_id, user_id, time, value) values (42, 71, 8, '2021-12-09 17:16:07', 1);
insert into book_review_like (id, review_id, user_id, time, value) values (43, 161, 72, '2022-01-19 08:58:14', 1);
insert into book_review_like (id, review_id, user_id, time, value) values (44, 111, 56, '2022-04-01 18:46:20', 1);
insert into book_review_like (id, review_id, user_id, time, value) values (45, 126, 76, '2022-04-26 15:16:47', 1);
insert into book_review_like (id, review_id, user_id, time, value) values (46, 153, 33, '2022-05-08 20:14:02', 1);
insert into book_review_like (id, review_id, user_id, time, value) values (47, 179, 97, '2022-09-01 12:38:19', 1);
insert into book_review_like (id, review_id, user_id, time, value) values (48, 111, 90, '2022-08-11 11:46:33', 1);
insert into book_review_like (id, review_id, user_id, time, value) values (49, 115, 45, '2022-01-02 06:32:12', 1);
insert into book_review_like (id, review_id, user_id, time, value) values (50, 215, 16, '2022-07-04 00:55:51', 1);
insert into book_review_like (id, review_id, user_id, time, value) values (51, 274, 50, '2022-02-15 13:10:58', 1);
insert into book_review_like (id, review_id, user_id, time, value) values (52, 29, 89, '2022-01-27 10:15:30', 1);
insert into book_review_like (id, review_id, user_id, time, value) values (53, 148, 18, '2022-06-09 00:51:30', 1);
insert into book_review_like (id, review_id, user_id, time, value) values (54, 33, 83, '2022-06-29 10:06:35', 1);
insert into book_review_like (id, review_id, user_id, time, value) values (55, 256, 99, '2021-12-14 00:04:46', 1);
insert into book_review_like (id, review_id, user_id, time, value) values (56, 250, 80, '2022-03-24 22:52:53', 1);
insert into book_review_like (id, review_id, user_id, time, value) values (57, 245, 98, '2022-03-15 15:01:34', 1);
insert into book_review_like (id, review_id, user_id, time, value) values (58, 211, 40, '2022-03-14 00:21:42', 1);
insert into book_review_like (id, review_id, user_id, time, value) values (59, 3, 64, '2022-09-18 20:39:30', 1);
insert into book_review_like (id, review_id, user_id, time, value) values (60, 261, 24, '2022-02-25 14:13:31', 1);
insert into book_review_like (id, review_id, user_id, time, value) values (61, 276, 1, '2022-04-03 20:20:56', 1);
insert into book_review_like (id, review_id, user_id, time, value) values (62, 194, 2, '2022-07-08 19:34:50', 1);
insert into book_review_like (id, review_id, user_id, time, value) values (63, 206, 19, '2021-12-06 19:40:14', 1);
insert into book_review_like (id, review_id, user_id, time, value) values (64, 272, 23, '2022-11-19 12:26:38', 1);
insert into book_review_like (id, review_id, user_id, time, value) values (65, 56, 78, '2022-02-04 06:14:06', 1);
insert into book_review_like (id, review_id, user_id, time, value) values (66, 15, 63, '2021-11-30 04:25:57', 1);
insert into book_review_like (id, review_id, user_id, time, value) values (67, 163, 64, '2022-05-01 22:00:06', 1);
insert into book_review_like (id, review_id, user_id, time, value) values (68, 168, 6, '2022-01-14 03:57:46', 1);
insert into book_review_like (id, review_id, user_id, time, value) values (69, 40, 46, '2022-09-21 15:10:07', 1);
insert into book_review_like (id, review_id, user_id, time, value) values (70, 298, 62, '2022-05-30 22:34:43', 1);
insert into book_review_like (id, review_id, user_id, time, value) values (71, 71, 89, '2022-06-07 05:09:07', 1);
insert into book_review_like (id, review_id, user_id, time, value) values (72, 39, 79, '2022-10-09 11:32:24', 1);
insert into book_review_like (id, review_id, user_id, time, value) values (73, 250, 91, '2022-06-05 03:58:18', 1);
insert into book_review_like (id, review_id, user_id, time, value) values (74, 11, 94, '2022-07-10 08:19:07', 1);
insert into book_review_like (id, review_id, user_id, time, value) values (75, 230, 55, '2022-10-03 18:39:03', 1);
insert into book_review_like (id, review_id, user_id, time, value) values (76, 193, 85, '2022-10-11 19:41:27', 1);
insert into book_review_like (id, review_id, user_id, time, value) values (77, 25, 65, '2022-09-18 02:26:25', 1);
insert into book_review_like (id, review_id, user_id, time, value) values (78, 63, 43, '2022-01-08 02:10:43', 1);
insert into book_review_like (id, review_id, user_id, time, value) values (79, 258, 78, '2021-12-07 16:59:54', 1);
insert into book_review_like (id, review_id, user_id, time, value) values (80, 58, 77, '2022-11-18 01:15:13', 1);
insert into book_review_like (id, review_id, user_id, time, value) values (81, 211, 98, '2022-06-20 17:37:47', 1);
insert into book_review_like (id, review_id, user_id, time, value) values (82, 179, 33, '2021-12-24 05:53:27', 1);
insert into book_review_like (id, review_id, user_id, time, value) values (83, 65, 8, '2022-07-07 07:07:39', 1);
insert into book_review_like (id, review_id, user_id, time, value) values (84, 175, 77, '2022-07-26 14:45:45', 1);
insert into book_review_like (id, review_id, user_id, time, value) values (85, 24, 65, '2022-10-26 16:59:27', 1);
insert into book_review_like (id, review_id, user_id, time, value) values (86, 61, 14, '2022-07-18 01:13:24', 1);
insert into book_review_like (id, review_id, user_id, time, value) values (87, 187, 25, '2022-05-06 13:54:08', 1);
insert into book_review_like (id, review_id, user_id, time, value) values (88, 230, 92, '2022-07-29 22:17:39', 1);
insert into book_review_like (id, review_id, user_id, time, value) values (89, 153, 28, '2022-11-24 08:58:10', 1);
insert into book_review_like (id, review_id, user_id, time, value) values (90, 69, 90, '2022-10-11 15:57:18', 1);
insert into book_review_like (id, review_id, user_id, time, value) values (91, 24, 60, '2022-11-10 02:26:02', 1);
insert into book_review_like (id, review_id, user_id, time, value) values (92, 15, 36, '2022-06-03 02:53:36', 1);
insert into book_review_like (id, review_id, user_id, time, value) values (93, 99, 59, '2021-12-19 05:03:24', 1);
insert into book_review_like (id, review_id, user_id, time, value) values (94, 4, 50, '2022-01-06 05:27:48', 1);
insert into book_review_like (id, review_id, user_id, time, value) values (95, 172, 18, '2022-04-15 05:53:21', 1);
insert into book_review_like (id, review_id, user_id, time, value) values (96, 150, 69, '2022-04-19 05:03:32', 1);
insert into book_review_like (id, review_id, user_id, time, value) values (97, 273, 72, '2022-01-26 10:36:07', 1);
insert into book_review_like (id, review_id, user_id, time, value) values (98, 125, 21, '2022-06-04 21:54:04', 1);
insert into book_review_like (id, review_id, user_id, time, value) values (99, 280, 28, '2021-12-22 22:35:22', 1);
insert into book_review_like (id, review_id, user_id, time, value) values (100, 151, 84, '2022-07-14 23:52:17', 1);
insert into book_review_like (id, review_id, user_id, time, value) values (101, 211, 41, '2022-08-29 08:08:34', 1);
insert into book_review_like (id, review_id, user_id, time, value) values (102, 162, 22, '2022-05-23 11:46:14', 1);
insert into book_review_like (id, review_id, user_id, time, value) values (103, 91, 38, '2022-03-15 06:17:45', 1);
insert into book_review_like (id, review_id, user_id, time, value) values (104, 56, 81, '2021-12-14 07:34:39', 1);
insert into book_review_like (id, review_id, user_id, time, value) values (105, 36, 29, '2022-04-20 02:27:27', 1);
insert into book_review_like (id, review_id, user_id, time, value) values (106, 141, 2, '2022-07-24 22:53:32', 1);
insert into book_review_like (id, review_id, user_id, time, value) values (107, 33, 82, '2021-12-16 10:39:05', 1);
insert into book_review_like (id, review_id, user_id, time, value) values (108, 114, 12, '2022-09-29 00:20:26', 1);
insert into book_review_like (id, review_id, user_id, time, value) values (109, 65, 48, '2022-04-07 21:05:08', 1);
insert into book_review_like (id, review_id, user_id, time, value) values (110, 88, 1, '2022-11-18 12:39:19', 1);
insert into book_review_like (id, review_id, user_id, time, value) values (111, 5, 37, '2022-09-29 20:01:05', 1);
insert into book_review_like (id, review_id, user_id, time, value) values (112, 62, 95, '2022-03-30 22:19:47', 1);
insert into book_review_like (id, review_id, user_id, time, value) values (113, 175, 43, '2022-11-10 15:43:13', 1);
insert into book_review_like (id, review_id, user_id, time, value) values (114, 42, 21, '2022-05-08 11:57:55', 1);
insert into book_review_like (id, review_id, user_id, time, value) values (116, 172, 95, '2022-08-07 12:54:16', 1);
insert into book_review_like (id, review_id, user_id, time, value) values (117, 6, 27, '2022-05-15 03:12:55', 1);
insert into book_review_like (id, review_id, user_id, time, value) values (118, 84, 15, '2022-08-08 21:47:48', 1);
insert into book_review_like (id, review_id, user_id, time, value) values (119, 112, 98, '2022-07-09 09:58:46', 1);
insert into book_review_like (id, review_id, user_id, time, value) values (120, 74, 83, '2022-08-14 05:21:49', 1);
insert into book_review_like (id, review_id, user_id, time, value) values (121, 10, 91, '2022-01-23 16:47:10', 1);
insert into book_review_like (id, review_id, user_id, time, value) values (122, 201, 49, '2021-12-04 22:47:38', 1);
insert into book_review_like (id, review_id, user_id, time, value) values (123, 38, 98, '2022-08-17 23:41:48', 1);
insert into book_review_like (id, review_id, user_id, time, value) values (124, 214, 80, '2021-12-08 01:17:50', 1);
insert into book_review_like (id, review_id, user_id, time, value) values (125, 40, 31, '2022-08-19 03:51:02', 1);
insert into book_review_like (id, review_id, user_id, time, value) values (126, 289, 25, '2022-01-23 23:08:47', 1);
insert into book_review_like (id, review_id, user_id, time, value) values (127, 238, 91, '2022-04-15 07:12:26', 1);
insert into book_review_like (id, review_id, user_id, time, value) values (128, 227, 18, '2022-01-08 02:00:09', 1);
insert into book_review_like (id, review_id, user_id, time, value) values (129, 300, 56, '2022-08-14 21:46:48', 1);
insert into book_review_like (id, review_id, user_id, time, value) values (130, 118, 32, '2022-07-27 03:44:43', 1);
insert into book_review_like (id, review_id, user_id, time, value) values (131, 139, 9, '2022-06-04 18:10:04', 1);
insert into book_review_like (id, review_id, user_id, time, value) values (132, 142, 100, '2022-11-25 05:57:15', 1);
insert into book_review_like (id, review_id, user_id, time, value) values (133, 228, 1, '2022-01-30 18:21:14', 1);
insert into book_review_like (id, review_id, user_id, time, value) values (134, 46, 39, '2022-01-01 22:43:39', 1);
insert into book_review_like (id, review_id, user_id, time, value) values (135, 256, 87, '2022-07-25 12:55:10', 1);
insert into book_review_like (id, review_id, user_id, time, value) values (136, 245, 12, '2022-08-30 19:16:19', 1);
insert into book_review_like (id, review_id, user_id, time, value) values (137, 116, 49, '2022-10-16 18:24:15', 1);
insert into book_review_like (id, review_id, user_id, time, value) values (138, 31, 18, '2022-07-04 14:27:22', 1);
insert into book_review_like (id, review_id, user_id, time, value) values (139, 260, 90, '2022-02-14 23:06:24', 1);
insert into book_review_like (id, review_id, user_id, time, value) values (140, 280, 41, '2022-08-27 08:16:18', 1);
insert into book_review_like (id, review_id, user_id, time, value) values (141, 155, 2, '2021-12-08 00:11:24', 1);
insert into book_review_like (id, review_id, user_id, time, value) values (142, 40, 19, '2022-08-03 13:13:05', 1);
insert into book_review_like (id, review_id, user_id, time, value) values (143, 129, 9, '2022-05-30 08:27:50', 1);
insert into book_review_like (id, review_id, user_id, time, value) values (144, 119, 42, '2022-04-14 10:40:40', 1);
insert into book_review_like (id, review_id, user_id, time, value) values (145, 163, 16, '2022-04-21 07:49:04', 1);
insert into book_review_like (id, review_id, user_id, time, value) values (146, 23, 6, '2022-04-24 12:28:34', 1);
insert into book_review_like (id, review_id, user_id, time, value) values (147, 151, 100, '2022-10-27 07:54:58', 1);
insert into book_review_like (id, review_id, user_id, time, value) values (148, 280, 66, '2022-04-19 05:01:43', 1);
insert into book_review_like (id, review_id, user_id, time, value) values (149, 196, 76, '2021-12-24 11:59:12', 1);
insert into book_review_like (id, review_id, user_id, time, value) values (150, 275, 39, '2021-12-06 20:33:18', 1);
insert into book_review_like (id, review_id, user_id, time, value) values (151, 209, 42, '2021-12-28 18:41:42', 1);
insert into book_review_like (id, review_id, user_id, time, value) values (152, 274, 79, '2022-06-22 13:42:40', 1);
insert into book_review_like (id, review_id, user_id, time, value) values (153, 88, 43, '2022-10-06 19:21:21', 1);
insert into book_review_like (id, review_id, user_id, time, value) values (154, 93, 97, '2022-03-26 02:39:46', 1);
insert into book_review_like (id, review_id, user_id, time, value) values (155, 129, 24, '2021-12-12 16:12:39', 1);
insert into book_review_like (id, review_id, user_id, time, value) values (156, 215, 76, '2022-09-17 12:09:12', 1);
insert into book_review_like (id, review_id, user_id, time, value) values (157, 187, 78, '2022-02-18 07:03:56', 1);
insert into book_review_like (id, review_id, user_id, time, value) values (158, 5, 71, '2022-08-21 02:12:46', 1);
insert into book_review_like (id, review_id, user_id, time, value) values (159, 66, 10, '2022-01-10 06:56:04', 1);
insert into book_review_like (id, review_id, user_id, time, value) values (160, 5, 28, '2022-09-24 20:51:45', 1);
insert into book_review_like (id, review_id, user_id, time, value) values (161, 245, 13, '2021-11-27 14:33:51', 1);
insert into book_review_like (id, review_id, user_id, time, value) values (162, 268, 21, '2021-12-20 19:41:12', 1);
insert into book_review_like (id, review_id, user_id, time, value) values (163, 280, 44, '2022-08-28 14:22:20', 1);
insert into book_review_like (id, review_id, user_id, time, value) values (164, 272, 40, '2022-11-12 01:45:18', 1);
insert into book_review_like (id, review_id, user_id, time, value) values (165, 4, 71, '2022-09-27 17:07:17', 1);
insert into book_review_like (id, review_id, user_id, time, value) values (166, 217, 72, '2022-10-07 05:52:20', 1);
insert into book_review_like (id, review_id, user_id, time, value) values (167, 59, 18, '2022-07-08 23:19:23', 1);
insert into book_review_like (id, review_id, user_id, time, value) values (168, 178, 76, '2022-10-10 05:44:36', 1);
insert into book_review_like (id, review_id, user_id, time, value) values (169, 93, 32, '2022-01-08 20:51:09', 1);
insert into book_review_like (id, review_id, user_id, time, value) values (170, 30, 31, '2022-07-12 19:35:21', 1);
insert into book_review_like (id, review_id, user_id, time, value) values (172, 98, 42, '2022-11-23 05:18:17', 1);
insert into book_review_like (id, review_id, user_id, time, value) values (173, 46, 87, '2022-08-26 02:36:47', 1);
insert into book_review_like (id, review_id, user_id, time, value) values (174, 150, 71, '2022-03-03 16:32:42', 1);
insert into book_review_like (id, review_id, user_id, time, value) values (175, 239, 60, '2022-08-13 06:35:54', 1);
insert into book_review_like (id, review_id, user_id, time, value) values (176, 15, 78, '2022-02-24 05:26:57', 1);
insert into book_review_like (id, review_id, user_id, time, value) values (177, 111, 24, '2021-12-26 13:24:05', 1);
insert into book_review_like (id, review_id, user_id, time, value) values (178, 297, 68, '2022-06-13 07:49:05', 1);
insert into book_review_like (id, review_id, user_id, time, value) values (179, 186, 97, '2022-09-25 19:48:35', 1);
insert into book_review_like (id, review_id, user_id, time, value) values (180, 290, 28, '2022-03-25 06:46:51', 1);
insert into book_review_like (id, review_id, user_id, time, value) values (181, 246, 51, '2022-03-17 09:10:35', 1);
insert into book_review_like (id, review_id, user_id, time, value) values (182, 249, 9, '2022-04-21 07:50:23', 1);
insert into book_review_like (id, review_id, user_id, time, value) values (183, 294, 68, '2022-11-10 07:04:49', 1);
insert into book_review_like (id, review_id, user_id, time, value) values (184, 219, 94, '2022-08-15 13:24:03', 1);
insert into book_review_like (id, review_id, user_id, time, value) values (185, 284, 13, '2022-10-30 08:14:43', 1);
insert into book_review_like (id, review_id, user_id, time, value) values (186, 103, 44, '2022-04-01 00:46:49', 1);
insert into book_review_like (id, review_id, user_id, time, value) values (187, 85, 86, '2022-08-29 00:46:05', 1);
insert into book_review_like (id, review_id, user_id, time, value) values (188, 150, 53, '2022-07-11 11:54:27', 1);
insert into book_review_like (id, review_id, user_id, time, value) values (189, 11, 16, '2022-04-10 02:40:05', 1);
insert into book_review_like (id, review_id, user_id, time, value) values (190, 219, 12, '2022-09-16 02:19:41', 1);
insert into book_review_like (id, review_id, user_id, time, value) values (191, 299, 32, '2022-11-01 16:52:26', 1);
insert into book_review_like (id, review_id, user_id, time, value) values (192, 207, 50, '2022-06-30 22:19:02', 1);
insert into book_review_like (id, review_id, user_id, time, value) values (193, 98, 15, '2022-10-17 11:14:45', 1);
insert into book_review_like (id, review_id, user_id, time, value) values (194, 91, 24, '2022-07-11 19:13:37', 1);
insert into book_review_like (id, review_id, user_id, time, value) values (195, 212, 59, '2022-07-13 20:56:25', 1);
insert into book_review_like (id, review_id, user_id, time, value) values (196, 118, 8, '2022-07-10 00:57:08', 1);
insert into book_review_like (id, review_id, user_id, time, value) values (197, 286, 73, '2022-11-18 08:01:10', 1);
insert into book_review_like (id, review_id, user_id, time, value) values (198, 255, 9, '2022-11-15 12:09:02', 1);
insert into book_review_like (id, review_id, user_id, time, value) values (199, 295, 15, '2022-05-30 04:10:43', 1);
insert into book_review_like (id, review_id, user_id, time, value) values (200, 168, 16, '2022-10-02 03:35:58', 1);
insert into book_review_like (id, review_id, user_id, time, value) values (201, 151, 33, '2021-12-14 03:55:15', 1);
insert into book_review_like (id, review_id, user_id, time, value) values (202, 245, 92, '2022-09-22 01:26:24', 1);
insert into book_review_like (id, review_id, user_id, time, value) values (203, 158, 70, '2022-10-06 09:44:44', 1);
insert into book_review_like (id, review_id, user_id, time, value) values (204, 37, 91, '2022-10-16 12:24:10', 1);
insert into book_review_like (id, review_id, user_id, time, value) values (205, 47, 81, '2021-12-03 07:30:03', 1);
insert into book_review_like (id, review_id, user_id, time, value) values (206, 117, 63, '2022-01-23 21:23:11', 1);
insert into book_review_like (id, review_id, user_id, time, value) values (207, 80, 70, '2022-03-12 17:48:12', 1);
insert into book_review_like (id, review_id, user_id, time, value) values (208, 283, 81, '2022-11-21 01:37:20', 1);
insert into book_review_like (id, review_id, user_id, time, value) values (209, 8, 49, '2022-08-10 16:46:03', 1);
insert into book_review_like (id, review_id, user_id, time, value) values (210, 37, 54, '2022-09-27 21:41:16', 1);
insert into book_review_like (id, review_id, user_id, time, value) values (211, 140, 23, '2022-09-09 05:57:19', 1);
insert into book_review_like (id, review_id, user_id, time, value) values (212, 25, 24, '2022-08-22 00:37:21', 1);
insert into book_review_like (id, review_id, user_id, time, value) values (213, 77, 56, '2022-02-21 19:17:43', 1);
insert into book_review_like (id, review_id, user_id, time, value) values (214, 286, 9, '2022-11-23 23:31:52', 1);
insert into book_review_like (id, review_id, user_id, time, value) values (215, 203, 9, '2022-10-24 15:46:46', 1);
insert into book_review_like (id, review_id, user_id, time, value) values (216, 121, 84, '2022-10-01 14:00:29', 1);
insert into book_review_like (id, review_id, user_id, time, value) values (217, 28, 87, '2022-06-08 22:48:07', 1);
insert into book_review_like (id, review_id, user_id, time, value) values (218, 31, 71, '2022-03-14 07:41:37', 1);
insert into book_review_like (id, review_id, user_id, time, value) values (219, 128, 3, '2022-01-02 07:43:15', 1);
insert into book_review_like (id, review_id, user_id, time, value) values (220, 3, 42, '2022-09-02 21:15:34', 1);
insert into book_review_like (id, review_id, user_id, time, value) values (222, 187, 96, '2022-07-24 15:48:30', 1);
insert into book_review_like (id, review_id, user_id, time, value) values (223, 81, 71, '2022-11-02 21:32:23', 1);
insert into book_review_like (id, review_id, user_id, time, value) values (224, 22, 24, '2021-12-07 00:07:11', 1);
insert into book_review_like (id, review_id, user_id, time, value) values (225, 8, 72, '2022-10-28 06:24:04', 1);
insert into book_review_like (id, review_id, user_id, time, value) values (226, 242, 39, '2022-02-16 21:04:28', 1);
insert into book_review_like (id, review_id, user_id, time, value) values (227, 76, 75, '2022-03-18 14:54:19', 1);
insert into book_review_like (id, review_id, user_id, time, value) values (228, 31, 27, '2022-05-12 16:48:50', 1);
insert into book_review_like (id, review_id, user_id, time, value) values (229, 42, 64, '2022-05-03 17:48:00', 1);
insert into book_review_like (id, review_id, user_id, time, value) values (230, 223, 49, '2022-01-17 02:33:33', 1);
insert into book_review_like (id, review_id, user_id, time, value) values (231, 291, 61, '2022-04-28 20:04:45', 1);
insert into book_review_like (id, review_id, user_id, time, value) values (232, 54, 40, '2022-03-29 19:50:13', 1);
insert into book_review_like (id, review_id, user_id, time, value) values (233, 129, 27, '2022-03-24 17:18:05', 1);
insert into book_review_like (id, review_id, user_id, time, value) values (234, 6, 49, '2022-03-29 01:58:36', 1);
insert into book_review_like (id, review_id, user_id, time, value) values (235, 189, 46, '2022-07-13 01:39:23', 1);
insert into book_review_like (id, review_id, user_id, time, value) values (236, 76, 26, '2022-10-08 12:06:39', 1);
insert into book_review_like (id, review_id, user_id, time, value) values (237, 94, 49, '2022-06-11 11:58:45', 1);
insert into book_review_like (id, review_id, user_id, time, value) values (238, 36, 91, '2021-12-13 21:06:21', 1);
insert into book_review_like (id, review_id, user_id, time, value) values (239, 30, 69, '2022-10-03 02:35:37', 1);
insert into book_review_like (id, review_id, user_id, time, value) values (240, 108, 20, '2021-12-05 01:48:48', 1);
insert into book_review_like (id, review_id, user_id, time, value) values (241, 282, 37, '2022-01-24 20:58:05', 1);
insert into book_review_like (id, review_id, user_id, time, value) values (242, 67, 88, '2022-04-07 14:05:15', 1);
insert into book_review_like (id, review_id, user_id, time, value) values (243, 110, 56, '2022-09-12 22:40:03', 1);
insert into book_review_like (id, review_id, user_id, time, value) values (244, 188, 63, '2022-10-22 09:54:50', 1);
insert into book_review_like (id, review_id, user_id, time, value) values (245, 262, 49, '2022-04-20 20:04:02', 1);
insert into book_review_like (id, review_id, user_id, time, value) values (246, 46, 28, '2022-02-25 08:26:24', 1);
insert into book_review_like (id, review_id, user_id, time, value) values (247, 188, 89, '2022-05-19 08:49:42', 1);
insert into book_review_like (id, review_id, user_id, time, value) values (248, 240, 29, '2022-01-27 00:30:51', 1);
insert into book_review_like (id, review_id, user_id, time, value) values (249, 272, 66, '2022-01-20 21:18:52', 1);
insert into book_review_like (id, review_id, user_id, time, value) values (250, 272, 71, '2022-03-18 07:56:04', 1);
insert into book_review_like (id, review_id, user_id, time, value) values (251, 124, 87, '2022-11-14 23:04:53', 1);
insert into book_review_like (id, review_id, user_id, time, value) values (252, 136, 33, '2022-03-08 10:05:59', 1);
insert into book_review_like (id, review_id, user_id, time, value) values (254, 11, 67, '2022-03-31 12:04:01', 1);
insert into book_review_like (id, review_id, user_id, time, value) values (255, 283, 4, '2022-01-27 13:33:17', 1);
insert into book_review_like (id, review_id, user_id, time, value) values (256, 129, 22, '2022-01-10 12:03:37', 1);
insert into book_review_like (id, review_id, user_id, time, value) values (257, 210, 39, '2022-11-26 09:57:05', 1);
insert into book_review_like (id, review_id, user_id, time, value) values (258, 124, 43, '2022-04-16 13:52:33', 1);
insert into book_review_like (id, review_id, user_id, time, value) values (259, 122, 95, '2022-03-18 00:38:05', 1);
insert into book_review_like (id, review_id, user_id, time, value) values (260, 221, 68, '2022-07-01 05:39:03', 1);
insert into book_review_like (id, review_id, user_id, time, value) values (261, 200, 68, '2022-05-25 00:43:33', 1);
insert into book_review_like (id, review_id, user_id, time, value) values (262, 61, 85, '2022-08-28 13:01:42', 1);
insert into book_review_like (id, review_id, user_id, time, value) values (263, 285, 75, '2022-11-10 08:27:09', 1);
insert into book_review_like (id, review_id, user_id, time, value) values (264, 240, 9, '2022-09-07 15:06:06', 1);
insert into book_review_like (id, review_id, user_id, time, value) values (265, 254, 40, '2022-07-08 21:40:48', 1);
insert into book_review_like (id, review_id, user_id, time, value) values (266, 140, 89, '2022-08-20 17:10:10', 1);
insert into book_review_like (id, review_id, user_id, time, value) values (267, 7, 37, '2022-03-05 02:22:41', 1);
insert into book_review_like (id, review_id, user_id, time, value) values (268, 22, 84, '2021-12-07 07:03:05', 1);
insert into book_review_like (id, review_id, user_id, time, value) values (269, 151, 58, '2022-06-25 15:27:36', 1);
insert into book_review_like (id, review_id, user_id, time, value) values (270, 233, 29, '2022-08-06 06:57:28', 1);
insert into book_review_like (id, review_id, user_id, time, value) values (271, 279, 40, '2022-08-11 20:43:57', 1);
insert into book_review_like (id, review_id, user_id, time, value) values (272, 270, 84, '2022-08-28 12:12:42', 1);
insert into book_review_like (id, review_id, user_id, time, value) values (273, 299, 53, '2022-06-04 17:56:55', 1);
insert into book_review_like (id, review_id, user_id, time, value) values (274, 152, 31, '2022-09-08 16:12:57', 1);
insert into book_review_like (id, review_id, user_id, time, value) values (275, 191, 59, '2022-02-04 06:53:44', 1);
insert into book_review_like (id, review_id, user_id, time, value) values (276, 21, 43, '2022-06-11 07:59:36', 1);
insert into book_review_like (id, review_id, user_id, time, value) values (277, 23, 40, '2022-11-03 05:12:02', 1);
insert into book_review_like (id, review_id, user_id, time, value) values (278, 43, 36, '2022-03-01 12:48:43', 1);
insert into book_review_like (id, review_id, user_id, time, value) values (279, 275, 54, '2022-09-16 05:18:51', 1);
insert into book_review_like (id, review_id, user_id, time, value) values (280, 222, 44, '2022-02-21 00:42:29', 1);
insert into book_review_like (id, review_id, user_id, time, value) values (281, 145, 8, '2022-07-08 15:36:56', 1);
insert into book_review_like (id, review_id, user_id, time, value) values (282, 153, 74, '2022-04-06 05:19:49', 1);
insert into book_review_like (id, review_id, user_id, time, value) values (283, 98, 27, '2022-07-20 21:19:19', 1);
insert into book_review_like (id, review_id, user_id, time, value) values (284, 223, 75, '2022-06-15 01:55:48', 1);
insert into book_review_like (id, review_id, user_id, time, value) values (285, 247, 52, '2022-02-26 21:59:37', 1);
insert into book_review_like (id, review_id, user_id, time, value) values (286, 15, 46, '2022-04-23 09:47:07', 1);
insert into book_review_like (id, review_id, user_id, time, value) values (287, 268, 16, '2022-04-27 05:01:30', 1);
insert into book_review_like (id, review_id, user_id, time, value) values (288, 95, 32, '2021-11-30 03:02:05', 1);
insert into book_review_like (id, review_id, user_id, time, value) values (289, 238, 30, '2022-09-23 09:03:14', 1);
insert into book_review_like (id, review_id, user_id, time, value) values (290, 253, 94, '2022-02-10 03:01:14', 1);
insert into book_review_like (id, review_id, user_id, time, value) values (291, 240, 73, '2022-07-23 11:15:11', 1);
insert into book_review_like (id, review_id, user_id, time, value) values (292, 193, 54, '2022-11-11 09:11:41', 1);
insert into book_review_like (id, review_id, user_id, time, value) values (293, 271, 19, '2022-07-27 07:47:34', 1);
insert into book_review_like (id, review_id, user_id, time, value) values (294, 154, 85, '2021-12-08 06:29:53', 1);
insert into book_review_like (id, review_id, user_id, time, value) values (295, 275, 29, '2022-01-10 05:08:31', 1);
insert into book_review_like (id, review_id, user_id, time, value) values (296, 267, 80, '2021-12-10 02:45:56', 1);
insert into book_review_like (id, review_id, user_id, time, value) values (297, 148, 15, '2021-12-20 15:02:15', 1);
insert into book_review_like (id, review_id, user_id, time, value) values (298, 54, 38, '2021-12-03 20:23:26', 1);
insert into book_review_like (id, review_id, user_id, time, value) values (299, 118, 13, '2022-01-06 20:38:57', 1);
insert into book_review_like (id, review_id, user_id, time, value) values (300, 32, 28, '2022-01-03 05:01:43', 1);
insert into book_review_like (id, review_id, user_id, time, value) values (301, 163, 7, '2022-02-04 15:02:02', 1);
insert into book_review_like (id, review_id, user_id, time, value) values (302, 240, 44, '2022-06-30 01:44:27', 1);
insert into book_review_like (id, review_id, user_id, time, value) values (303, 23, 45, '2022-01-05 13:10:01', 1);
insert into book_review_like (id, review_id, user_id, time, value) values (304, 80, 23, '2022-04-17 05:06:22', 1);
insert into book_review_like (id, review_id, user_id, time, value) values (305, 18, 47, '2022-10-09 02:06:44', 1);
insert into book_review_like (id, review_id, user_id, time, value) values (306, 5, 77, '2022-02-14 17:22:45', 1);
insert into book_review_like (id, review_id, user_id, time, value) values (307, 213, 1, '2022-09-22 00:41:05', 1);
insert into book_review_like (id, review_id, user_id, time, value) values (308, 179, 89, '2022-09-17 02:58:29', 1);
insert into book_review_like (id, review_id, user_id, time, value) values (309, 214, 66, '2022-01-22 03:06:09', 1);
insert into book_review_like (id, review_id, user_id, time, value) values (310, 202, 31, '2022-09-28 21:45:39', 1);
insert into book_review_like (id, review_id, user_id, time, value) values (311, 128, 95, '2022-09-22 07:49:30', 1);
insert into book_review_like (id, review_id, user_id, time, value) values (312, 196, 67, '2022-07-27 18:40:42', 1);
insert into book_review_like (id, review_id, user_id, time, value) values (313, 155, 56, '2021-12-09 03:46:35', 1);
insert into book_review_like (id, review_id, user_id, time, value) values (314, 78, 24, '2022-10-16 10:40:31', 1);
insert into book_review_like (id, review_id, user_id, time, value) values (315, 21, 13, '2022-01-09 22:26:49', 1);
insert into book_review_like (id, review_id, user_id, time, value) values (316, 19, 77, '2022-01-24 01:43:29', 1);
insert into book_review_like (id, review_id, user_id, time, value) values (317, 264, 60, '2022-04-21 11:51:10', 1);
insert into book_review_like (id, review_id, user_id, time, value) values (318, 141, 59, '2022-01-13 08:38:37', 1);
insert into book_review_like (id, review_id, user_id, time, value) values (319, 137, 100, '2022-05-23 18:07:13', 1);
insert into book_review_like (id, review_id, user_id, time, value) values (320, 66, 80, '2022-08-23 16:51:33', 1);
insert into book_review_like (id, review_id, user_id, time, value) values (321, 3, 83, '2022-07-09 16:22:35', 1);
insert into book_review_like (id, review_id, user_id, time, value) values (322, 56, 62, '2022-05-16 19:20:34', 1);
insert into book_review_like (id, review_id, user_id, time, value) values (323, 300, 24, '2021-12-18 16:15:02', 1);
insert into book_review_like (id, review_id, user_id, time, value) values (324, 35, 51, '2022-08-01 07:38:17', 1);
insert into book_review_like (id, review_id, user_id, time, value) values (325, 264, 32, '2022-08-20 09:24:05', 1);
insert into book_review_like (id, review_id, user_id, time, value) values (326, 143, 66, '2022-09-01 05:04:21', 1);
insert into book_review_like (id, review_id, user_id, time, value) values (327, 57, 10, '2021-12-21 21:56:05', 1);
insert into book_review_like (id, review_id, user_id, time, value) values (328, 8, 22, '2022-02-08 14:18:48', 1);
insert into book_review_like (id, review_id, user_id, time, value) values (329, 157, 25, '2022-06-08 23:01:10', 1);
insert into book_review_like (id, review_id, user_id, time, value) values (330, 263, 40, '2022-03-23 23:20:36', 1);
insert into book_review_like (id, review_id, user_id, time, value) values (331, 190, 81, '2022-08-06 08:17:59', 1);
insert into book_review_like (id, review_id, user_id, time, value) values (332, 167, 96, '2022-02-21 23:34:48', 1);
insert into book_review_like (id, review_id, user_id, time, value) values (333, 250, 22, '2022-08-17 15:26:07', 1);
insert into book_review_like (id, review_id, user_id, time, value) values (334, 134, 21, '2022-08-07 11:08:01', 1);
insert into book_review_like (id, review_id, user_id, time, value) values (335, 137, 2, '2022-06-08 04:10:08', 1);
insert into book_review_like (id, review_id, user_id, time, value) values (336, 89, 62, '2022-06-20 21:37:09', 1);
insert into book_review_like (id, review_id, user_id, time, value) values (337, 184, 56, '2022-10-17 02:00:07', 1);
insert into book_review_like (id, review_id, user_id, time, value) values (338, 20, 37, '2022-01-27 22:07:58', 1);
insert into book_review_like (id, review_id, user_id, time, value) values (339, 268, 28, '2022-04-28 13:42:15', 1);
insert into book_review_like (id, review_id, user_id, time, value) values (340, 274, 44, '2022-05-16 19:09:35', 1);
insert into book_review_like (id, review_id, user_id, time, value) values (341, 198, 61, '2022-02-20 00:48:17', 1);
insert into book_review_like (id, review_id, user_id, time, value) values (342, 180, 17, '2022-03-04 08:32:38', 1);
insert into book_review_like (id, review_id, user_id, time, value) values (343, 268, 13, '2021-12-18 14:28:46', 1);
insert into book_review_like (id, review_id, user_id, time, value) values (344, 186, 46, '2022-08-26 17:13:14', 1);
insert into book_review_like (id, review_id, user_id, time, value) values (345, 267, 66, '2022-07-25 18:02:02', 1);
insert into book_review_like (id, review_id, user_id, time, value) values (346, 49, 98, '2022-02-04 08:46:49', 1);
insert into book_review_like (id, review_id, user_id, time, value) values (347, 254, 96, '2022-04-25 16:14:01', 1);
insert into book_review_like (id, review_id, user_id, time, value) values (348, 268, 34, '2022-09-30 23:13:55', 1);
insert into book_review_like (id, review_id, user_id, time, value) values (349, 64, 64, '2021-12-20 02:28:39', 1);
insert into book_review_like (id, review_id, user_id, time, value) values (350, 13, 79, '2022-08-14 04:53:05', 1);
insert into book_review_like (id, review_id, user_id, time, value) values (351, 107, 85, '2022-08-26 22:08:00', 1);
insert into book_review_like (id, review_id, user_id, time, value) values (352, 160, 92, '2022-10-05 00:13:13', 1);
insert into book_review_like (id, review_id, user_id, time, value) values (353, 143, 29, '2022-10-10 17:11:38', 1);
insert into book_review_like (id, review_id, user_id, time, value) values (354, 272, 4, '2022-02-25 12:12:06', 1);
insert into book_review_like (id, review_id, user_id, time, value) values (355, 143, 79, '2022-10-22 00:04:38', 1);
insert into book_review_like (id, review_id, user_id, time, value) values (356, 72, 98, '2022-07-13 01:18:44', 1);
insert into book_review_like (id, review_id, user_id, time, value) values (357, 52, 95, '2022-10-15 07:26:54', 1);
insert into book_review_like (id, review_id, user_id, time, value) values (358, 3, 95, '2022-04-16 09:10:44', 1);
insert into book_review_like (id, review_id, user_id, time, value) values (359, 53, 33, '2022-10-24 12:29:19', 1);
insert into book_review_like (id, review_id, user_id, time, value) values (360, 89, 97, '2022-09-11 01:46:17', 1);
insert into book_review_like (id, review_id, user_id, time, value) values (361, 108, 19, '2022-06-24 20:33:07', 1);
insert into book_review_like (id, review_id, user_id, time, value) values (362, 244, 21, '2022-10-14 02:34:31', 1);
insert into book_review_like (id, review_id, user_id, time, value) values (363, 164, 87, '2022-01-02 09:40:27', 1);
insert into book_review_like (id, review_id, user_id, time, value) values (364, 140, 16, '2022-05-10 00:40:47', 1);
insert into book_review_like (id, review_id, user_id, time, value) values (365, 60, 49, '2022-08-13 08:36:27', 1);
insert into book_review_like (id, review_id, user_id, time, value) values (366, 247, 41, '2022-05-08 08:17:05', 1);
insert into book_review_like (id, review_id, user_id, time, value) values (367, 191, 41, '2022-02-14 22:08:59', 1);
insert into book_review_like (id, review_id, user_id, time, value) values (368, 73, 72, '2022-07-23 04:50:06', 1);
insert into book_review_like (id, review_id, user_id, time, value) values (369, 119, 92, '2021-12-06 00:35:02', 1);
insert into book_review_like (id, review_id, user_id, time, value) values (370, 57, 37, '2022-09-15 13:43:08', 1);
insert into book_review_like (id, review_id, user_id, time, value) values (371, 133, 77, '2022-09-18 05:57:12', 1);
insert into book_review_like (id, review_id, user_id, time, value) values (372, 243, 87, '2022-10-11 02:46:59', 1);
insert into book_review_like (id, review_id, user_id, time, value) values (373, 28, 73, '2022-05-31 10:10:35', 1);
insert into book_review_like (id, review_id, user_id, time, value) values (374, 50, 58, '2022-03-04 21:13:49', 1);
insert into book_review_like (id, review_id, user_id, time, value) values (375, 71, 16, '2022-03-12 10:37:13', 1);
insert into book_review_like (id, review_id, user_id, time, value) values (376, 202, 45, '2022-05-30 09:26:23', 1);
insert into book_review_like (id, review_id, user_id, time, value) values (377, 234, 31, '2022-03-14 20:47:55', 1);
insert into book_review_like (id, review_id, user_id, time, value) values (378, 296, 99, '2022-07-03 00:13:53', 1);
insert into book_review_like (id, review_id, user_id, time, value) values (379, 242, 60, '2022-11-12 09:36:12', 1);
insert into book_review_like (id, review_id, user_id, time, value) values (380, 55, 91, '2022-03-09 16:14:02', 1);
insert into book_review_like (id, review_id, user_id, time, value) values (381, 290, 73, '2022-09-25 08:24:36', 1);
insert into book_review_like (id, review_id, user_id, time, value) values (382, 159, 51, '2022-03-01 21:47:37', 1);
insert into book_review_like (id, review_id, user_id, time, value) values (383, 218, 83, '2022-01-17 19:38:01', 1);
insert into book_review_like (id, review_id, user_id, time, value) values (384, 269, 96, '2022-03-01 16:05:56', 1);
insert into book_review_like (id, review_id, user_id, time, value) values (385, 248, 25, '2022-07-24 07:24:12', 1);
insert into book_review_like (id, review_id, user_id, time, value) values (386, 209, 83, '2022-08-21 04:10:26', 1);
insert into book_review_like (id, review_id, user_id, time, value) values (387, 121, 15, '2022-03-10 10:45:46', 1);
insert into book_review_like (id, review_id, user_id, time, value) values (388, 208, 1, '2022-07-17 21:35:59', 1);
insert into book_review_like (id, review_id, user_id, time, value) values (389, 272, 38, '2022-11-09 20:25:03', 1);
insert into book_review_like (id, review_id, user_id, time, value) values (390, 190, 48, '2022-06-28 00:27:33', 1);
insert into book_review_like (id, review_id, user_id, time, value) values (391, 28, 24, '2022-07-25 02:53:45', 1);
insert into book_review_like (id, review_id, user_id, time, value) values (392, 135, 60, '2022-03-23 12:52:28', 1);
insert into book_review_like (id, review_id, user_id, time, value) values (393, 35, 73, '2022-01-29 06:19:06', 1);
insert into book_review_like (id, review_id, user_id, time, value) values (394, 260, 87, '2022-03-09 22:56:10', 1);
insert into book_review_like (id, review_id, user_id, time, value) values (395, 266, 12, '2022-06-24 16:29:33', 1);
insert into book_review_like (id, review_id, user_id, time, value) values (396, 296, 96, '2022-06-10 21:25:52', 1);
insert into book_review_like (id, review_id, user_id, time, value) values (397, 91, 55, '2022-01-08 10:20:37', 1);
insert into book_review_like (id, review_id, user_id, time, value) values (398, 58, 13, '2022-11-07 00:49:16', 1);
insert into book_review_like (id, review_id, user_id, time, value) values (399, 104, 34, '2022-11-06 23:06:15', 1);
insert into book_review_like (id, review_id, user_id, time, value) values (400, 240, 84, '2022-10-11 21:10:35', 1);
insert into book_review_like (id, review_id, user_id, time, value) values (401, 112, 54, '2022-09-17 18:21:47', 1);
insert into book_review_like (id, review_id, user_id, time, value) values (402, 186, 64, '2022-10-29 05:29:00', 1);
insert into book_review_like (id, review_id, user_id, time, value) values (403, 34, 29, '2022-07-18 12:32:50', 1);
insert into book_review_like (id, review_id, user_id, time, value) values (404, 26, 44, '2022-09-02 22:25:35', 1);
insert into book_review_like (id, review_id, user_id, time, value) values (405, 212, 42, '2022-01-31 03:14:15', 1);
insert into book_review_like (id, review_id, user_id, time, value) values (406, 290, 17, '2022-04-12 00:08:34', 1);
insert into book_review_like (id, review_id, user_id, time, value) values (408, 259, 88, '2022-06-07 16:59:11', 1);
insert into book_review_like (id, review_id, user_id, time, value) values (409, 223, 91, '2022-05-01 02:17:39', 1);
insert into book_review_like (id, review_id, user_id, time, value) values (410, 61, 84, '2021-12-06 12:46:30', 1);
insert into book_review_like (id, review_id, user_id, time, value) values (411, 208, 23, '2022-05-18 15:02:24', 1);
insert into book_review_like (id, review_id, user_id, time, value) values (412, 145, 89, '2022-11-01 04:02:31', 1);
insert into book_review_like (id, review_id, user_id, time, value) values (413, 146, 59, '2022-08-22 08:31:24', 1);
insert into book_review_like (id, review_id, user_id, time, value) values (414, 40, 52, '2022-02-16 20:51:09', 1);
insert into book_review_like (id, review_id, user_id, time, value) values (415, 148, 91, '2022-08-02 22:00:24', 1);
insert into book_review_like (id, review_id, user_id, time, value) values (416, 142, 30, '2021-12-01 12:47:41', 1);
insert into book_review_like (id, review_id, user_id, time, value) values (417, 277, 30, '2022-10-02 10:21:36', 1);
insert into book_review_like (id, review_id, user_id, time, value) values (418, 212, 19, '2021-12-15 18:12:24', 1);
insert into book_review_like (id, review_id, user_id, time, value) values (419, 253, 97, '2021-12-31 07:08:23', 1);
insert into book_review_like (id, review_id, user_id, time, value) values (420, 4, 77, '2022-05-15 21:34:49', 1);
insert into book_review_like (id, review_id, user_id, time, value) values (421, 76, 67, '2022-08-31 15:35:42', 1);
insert into book_review_like (id, review_id, user_id, time, value) values (422, 27, 8, '2022-07-31 02:29:18', 1);
insert into book_review_like (id, review_id, user_id, time, value) values (423, 78, 10, '2022-03-18 03:55:24', 1);
insert into book_review_like (id, review_id, user_id, time, value) values (424, 31, 35, '2022-05-27 06:15:45', 1);
insert into book_review_like (id, review_id, user_id, time, value) values (425, 107, 52, '2022-09-09 14:00:40', 1);
insert into book_review_like (id, review_id, user_id, time, value) values (426, 269, 4, '2022-10-31 06:28:05', 1);
insert into book_review_like (id, review_id, user_id, time, value) values (427, 162, 64, '2021-12-17 03:12:13', 1);
insert into book_review_like (id, review_id, user_id, time, value) values (428, 271, 16, '2022-11-10 22:48:21', 1);
insert into book_review_like (id, review_id, user_id, time, value) values (430, 145, 29, '2022-11-13 21:17:46', 1);
insert into book_review_like (id, review_id, user_id, time, value) values (431, 232, 86, '2021-12-27 05:17:36', 1);
insert into book_review_like (id, review_id, user_id, time, value) values (432, 249, 59, '2022-02-07 15:17:59', 1);
insert into book_review_like (id, review_id, user_id, time, value) values (433, 293, 44, '2022-04-24 12:39:25', 1);
insert into book_review_like (id, review_id, user_id, time, value) values (434, 213, 12, '2022-04-07 05:12:34', 1);
insert into book_review_like (id, review_id, user_id, time, value) values (435, 105, 51, '2022-03-27 09:12:14', 1);
insert into book_review_like (id, review_id, user_id, time, value) values (436, 154, 67, '2022-10-02 09:06:20', 1);
insert into book_review_like (id, review_id, user_id, time, value) values (437, 245, 2, '2022-06-07 01:41:20', 1);
insert into book_review_like (id, review_id, user_id, time, value) values (438, 289, 59, '2022-03-14 01:19:52', 1);
insert into book_review_like (id, review_id, user_id, time, value) values (440, 83, 59, '2022-01-27 18:05:55', 1);
insert into book_review_like (id, review_id, user_id, time, value) values (441, 18, 49, '2021-12-23 16:10:19', 1);
insert into book_review_like (id, review_id, user_id, time, value) values (442, 75, 76, '2022-10-21 02:02:07', 1);
insert into book_review_like (id, review_id, user_id, time, value) values (443, 289, 4, '2022-02-26 07:56:03', 1);
insert into book_review_like (id, review_id, user_id, time, value) values (444, 55, 45, '2022-05-16 15:50:04', 1);
insert into book_review_like (id, review_id, user_id, time, value) values (445, 276, 24, '2022-01-18 01:05:32', 1);
insert into book_review_like (id, review_id, user_id, time, value) values (446, 202, 88, '2021-12-10 09:21:11', 1);
insert into book_review_like (id, review_id, user_id, time, value) values (447, 117, 67, '2022-04-02 00:22:42', 1);
insert into book_review_like (id, review_id, user_id, time, value) values (448, 139, 49, '2022-03-03 00:33:32', 1);
insert into book_review_like (id, review_id, user_id, time, value) values (449, 25, 22, '2022-04-04 17:58:17', 1);
insert into book_review_like (id, review_id, user_id, time, value) values (450, 7, 15, '2022-04-07 03:19:48', 1);
insert into book_review_like (id, review_id, user_id, time, value) values (451, 146, 87, '2022-09-23 12:53:22', 1);
insert into book_review_like (id, review_id, user_id, time, value) values (452, 273, 91, '2022-06-09 19:14:06', 1);
insert into book_review_like (id, review_id, user_id, time, value) values (453, 37, 97, '2022-07-23 19:01:51', 1);
insert into book_review_like (id, review_id, user_id, time, value) values (454, 246, 27, '2022-02-14 15:49:29', 1);
insert into book_review_like (id, review_id, user_id, time, value) values (455, 162, 23, '2022-09-04 20:00:45', 1);
insert into book_review_like (id, review_id, user_id, time, value) values (456, 260, 79, '2022-06-30 23:52:01', 1);
insert into book_review_like (id, review_id, user_id, time, value) values (457, 56, 6, '2022-11-23 12:43:37', 1);
insert into book_review_like (id, review_id, user_id, time, value) values (458, 255, 67, '2021-11-30 23:09:33', 1);
insert into book_review_like (id, review_id, user_id, time, value) values (459, 89, 45, '2021-12-10 07:10:23', 1);
insert into book_review_like (id, review_id, user_id, time, value) values (460, 289, 83, '2022-06-18 19:27:51', 1);
insert into book_review_like (id, review_id, user_id, time, value) values (461, 112, 64, '2022-10-11 16:43:45', 1);
insert into book_review_like (id, review_id, user_id, time, value) values (462, 282, 92, '2022-11-11 19:39:59', 1);
insert into book_review_like (id, review_id, user_id, time, value) values (463, 148, 75, '2022-08-14 06:33:13', 1);
insert into book_review_like (id, review_id, user_id, time, value) values (464, 85, 77, '2022-10-02 11:23:31', 1);
insert into book_review_like (id, review_id, user_id, time, value) values (465, 92, 87, '2022-04-08 22:25:25', 1);
insert into book_review_like (id, review_id, user_id, time, value) values (466, 133, 4, '2022-02-07 03:46:09', 1);
insert into book_review_like (id, review_id, user_id, time, value) values (467, 131, 42, '2022-06-22 15:54:04', 1);
insert into book_review_like (id, review_id, user_id, time, value) values (468, 227, 7, '2022-03-28 00:27:04', 1);
insert into book_review_like (id, review_id, user_id, time, value) values (469, 201, 82, '2022-03-21 02:19:57', 1);
insert into book_review_like (id, review_id, user_id, time, value) values (470, 199, 34, '2022-03-08 15:28:48', 1);
insert into book_review_like (id, review_id, user_id, time, value) values (471, 289, 11, '2022-04-25 02:47:07', 1);
insert into book_review_like (id, review_id, user_id, time, value) values (472, 215, 25, '2021-12-29 15:33:13', 1);
insert into book_review_like (id, review_id, user_id, time, value) values (473, 208, 7, '2022-03-23 20:58:50', 1);
insert into book_review_like (id, review_id, user_id, time, value) values (474, 161, 29, '2022-07-19 02:45:22', 1);
insert into book_review_like (id, review_id, user_id, time, value) values (475, 198, 36, '2022-07-05 12:01:25', 1);
insert into book_review_like (id, review_id, user_id, time, value) values (476, 54, 66, '2022-01-03 09:50:17', 1);
insert into book_review_like (id, review_id, user_id, time, value) values (477, 218, 39, '2022-08-03 06:46:03', 1);
insert into book_review_like (id, review_id, user_id, time, value) values (478, 120, 81, '2022-08-24 02:56:30', 1);
insert into book_review_like (id, review_id, user_id, time, value) values (479, 260, 61, '2022-08-30 19:30:45', 1);
insert into book_review_like (id, review_id, user_id, time, value) values (480, 95, 78, '2022-06-04 16:07:54', 1);
insert into book_review_like (id, review_id, user_id, time, value) values (481, 57, 55, '2022-10-10 09:17:10', 1);
insert into book_review_like (id, review_id, user_id, time, value) values (482, 254, 87, '2022-04-29 10:33:24', 1);
insert into book_review_like (id, review_id, user_id, time, value) values (483, 204, 43, '2022-04-01 08:20:23', 1);
insert into book_review_like (id, review_id, user_id, time, value) values (484, 158, 30, '2022-04-10 07:33:00', 1);
insert into book_review_like (id, review_id, user_id, time, value) values (485, 189, 29, '2022-05-25 18:42:47', 1);
insert into book_review_like (id, review_id, user_id, time, value) values (486, 79, 92, '2022-06-10 05:00:47', 1);
insert into book_review_like (id, review_id, user_id, time, value) values (487, 250, 13, '2022-07-13 21:12:27', 1);
insert into book_review_like (id, review_id, user_id, time, value) values (488, 83, 18, '2022-03-19 04:40:12', 1);
insert into book_review_like (id, review_id, user_id, time, value) values (489, 27, 85, '2022-09-28 23:06:02', 1);
insert into book_review_like (id, review_id, user_id, time, value) values (490, 224, 34, '2022-04-14 04:24:59', 1);
insert into book_review_like (id, review_id, user_id, time, value) values (491, 82, 13, '2022-11-14 03:51:45', 1);
insert into book_review_like (id, review_id, user_id, time, value) values (492, 271, 45, '2022-07-22 12:43:22', 1);
insert into book_review_like (id, review_id, user_id, time, value) values (493, 72, 64, '2022-08-25 23:07:12', 1);
insert into book_review_like (id, review_id, user_id, time, value) values (494, 228, 16, '2022-06-13 13:59:46', 1);
insert into book_review_like (id, review_id, user_id, time, value) values (495, 289, 45, '2022-09-09 15:30:28', 1);
insert into book_review_like (id, review_id, user_id, time, value) values (496, 237, 83, '2022-02-26 02:55:43', 1);
insert into book_review_like (id, review_id, user_id, time, value) values (497, 291, 71, '2022-10-10 10:35:06', 1);
insert into book_review_like (id, review_id, user_id, time, value) values (498, 174, 84, '2022-02-21 15:09:48', 1);
insert into book_review_like (id, review_id, user_id, time, value) values (499, 290, 21, '2022-09-06 09:04:47', 1);
insert into book_review_like (id, review_id, user_id, time, value) values (500, 279, 24, '2022-10-02 22:33:16', 1);

-- book2genre
insert into book2genre (id, genre_id, book_id) values (1, 53, 14);
insert into book2genre (id, genre_id, book_id) values (2, 37, 66);
insert into book2genre (id, genre_id, book_id) values (3, 9, 150);
insert into book2genre (id, genre_id, book_id) values (4, 5, 183);
insert into book2genre (id, genre_id, book_id) values (5, 40, 183);
insert into book2genre (id, genre_id, book_id) values (6, 56, 194);
insert into book2genre (id, genre_id, book_id) values (7, 17, 25);
insert into book2genre (id, genre_id, book_id) values (8, 30, 72);
insert into book2genre (id, genre_id, book_id) values (9, 56, 105);
insert into book2genre (id, genre_id, book_id) values (10, 6, 101);
insert into book2genre (id, genre_id, book_id) values (11, 48, 192);
insert into book2genre (id, genre_id, book_id) values (12, 42, 167);
insert into book2genre (id, genre_id, book_id) values (13, 37, 40);
insert into book2genre (id, genre_id, book_id) values (14, 4, 173);
insert into book2genre (id, genre_id, book_id) values (15, 22, 153);
insert into book2genre (id, genre_id, book_id) values (16, 8, 51);
insert into book2genre (id, genre_id, book_id) values (17, 14, 163);
insert into book2genre (id, genre_id, book_id) values (18, 30, 20);
insert into book2genre (id, genre_id, book_id) values (19, 38, 136);
insert into book2genre (id, genre_id, book_id) values (20, 48, 14);
insert into book2genre (id, genre_id, book_id) values (21, 34, 173);
insert into book2genre (id, genre_id, book_id) values (22, 18, 107);
insert into book2genre (id, genre_id, book_id) values (23, 12, 111);
insert into book2genre (id, genre_id, book_id) values (24, 31, 128);
insert into book2genre (id, genre_id, book_id) values (25, 58, 141);
insert into book2genre (id, genre_id, book_id) values (26, 20, 31);
insert into book2genre (id, genre_id, book_id) values (27, 10, 4);
insert into book2genre (id, genre_id, book_id) values (28, 23, 63);
insert into book2genre (id, genre_id, book_id) values (29, 5, 127);
insert into book2genre (id, genre_id, book_id) values (30, 27, 38);
insert into book2genre (id, genre_id, book_id) values (31, 59, 112);
insert into book2genre (id, genre_id, book_id) values (32, 43, 92);
insert into book2genre (id, genre_id, book_id) values (33, 10, 130);
insert into book2genre (id, genre_id, book_id) values (34, 53, 104);
insert into book2genre (id, genre_id, book_id) values (35, 42, 20);
insert into book2genre (id, genre_id, book_id) values (36, 59, 181);
insert into book2genre (id, genre_id, book_id) values (37, 32, 105);
insert into book2genre (id, genre_id, book_id) values (38, 21, 10);
insert into book2genre (id, genre_id, book_id) values (39, 60, 48);
insert into book2genre (id, genre_id, book_id) values (40, 46, 170);
insert into book2genre (id, genre_id, book_id) values (41, 3, 200);
insert into book2genre (id, genre_id, book_id) values (42, 30, 47);
insert into book2genre (id, genre_id, book_id) values (43, 38, 144);
insert into book2genre (id, genre_id, book_id) values (44, 28, 111);
insert into book2genre (id, genre_id, book_id) values (45, 13, 20);
insert into book2genre (id, genre_id, book_id) values (46, 3, 83);
insert into book2genre (id, genre_id, book_id) values (47, 46, 1);
insert into book2genre (id, genre_id, book_id) values (48, 58, 127);
insert into book2genre (id, genre_id, book_id) values (49, 8, 19);
insert into book2genre (id, genre_id, book_id) values (50, 20, 53);
insert into book2genre (id, genre_id, book_id) values (51, 31, 166);
insert into book2genre (id, genre_id, book_id) values (52, 27, 107);
insert into book2genre (id, genre_id, book_id) values (53, 8, 60);
insert into book2genre (id, genre_id, book_id) values (54, 28, 131);
insert into book2genre (id, genre_id, book_id) values (55, 2, 182);
insert into book2genre (id, genre_id, book_id) values (56, 51, 99);
insert into book2genre (id, genre_id, book_id) values (57, 54, 58);
insert into book2genre (id, genre_id, book_id) values (58, 29, 1);
insert into book2genre (id, genre_id, book_id) values (59, 29, 85);
insert into book2genre (id, genre_id, book_id) values (60, 16, 49);
insert into book2genre (id, genre_id, book_id) values (61, 11, 75);
insert into book2genre (id, genre_id, book_id) values (62, 4, 114);
insert into book2genre (id, genre_id, book_id) values (63, 30, 8);
insert into book2genre (id, genre_id, book_id) values (64, 52, 84);
insert into book2genre (id, genre_id, book_id) values (65, 35, 80);
insert into book2genre (id, genre_id, book_id) values (66, 17, 111);
insert into book2genre (id, genre_id, book_id) values (67, 55, 172);
insert into book2genre (id, genre_id, book_id) values (68, 47, 162);
insert into book2genre (id, genre_id, book_id) values (69, 34, 135);
insert into book2genre (id, genre_id, book_id) values (70, 27, 75);
insert into book2genre (id, genre_id, book_id) values (71, 7, 189);
insert into book2genre (id, genre_id, book_id) values (72, 2, 129);
insert into book2genre (id, genre_id, book_id) values (73, 8, 147);
insert into book2genre (id, genre_id, book_id) values (74, 18, 157);
insert into book2genre (id, genre_id, book_id) values (75, 5, 177);
insert into book2genre (id, genre_id, book_id) values (76, 32, 24);
insert into book2genre (id, genre_id, book_id) values (77, 42, 180);
insert into book2genre (id, genre_id, book_id) values (78, 50, 138);
insert into book2genre (id, genre_id, book_id) values (79, 3, 24);
insert into book2genre (id, genre_id, book_id) values (80, 16, 93);
insert into book2genre (id, genre_id, book_id) values (81, 1, 30);
insert into book2genre (id, genre_id, book_id) values (82, 23, 133);
insert into book2genre (id, genre_id, book_id) values (83, 28, 147);
insert into book2genre (id, genre_id, book_id) values (84, 16, 193);
insert into book2genre (id, genre_id, book_id) values (85, 42, 24);
insert into book2genre (id, genre_id, book_id) values (86, 11, 130);
insert into book2genre (id, genre_id, book_id) values (87, 14, 77);
insert into book2genre (id, genre_id, book_id) values (88, 38, 198);
insert into book2genre (id, genre_id, book_id) values (89, 53, 88);
insert into book2genre (id, genre_id, book_id) values (90, 20, 10);
insert into book2genre (id, genre_id, book_id) values (91, 55, 105);
insert into book2genre (id, genre_id, book_id) values (92, 1, 148);
insert into book2genre (id, genre_id, book_id) values (93, 39, 165);
insert into book2genre (id, genre_id, book_id) values (94, 24, 57);
insert into book2genre (id, genre_id, book_id) values (95, 14, 17);
insert into book2genre (id, genre_id, book_id) values (96, 10, 189);
insert into book2genre (id, genre_id, book_id) values (97, 24, 52);
insert into book2genre (id, genre_id, book_id) values (98, 11, 64);
insert into book2genre (id, genre_id, book_id) values (99, 1, 45);
insert into book2genre (id, genre_id, book_id) values (100, 36, 39);
insert into book2genre (id, genre_id, book_id) values (101, 35, 176);
insert into book2genre (id, genre_id, book_id) values (102, 10, 101);
insert into book2genre (id, genre_id, book_id) values (103, 57, 146);
insert into book2genre (id, genre_id, book_id) values (104, 56, 76);
insert into book2genre (id, genre_id, book_id) values (105, 33, 110);
insert into book2genre (id, genre_id, book_id) values (106, 35, 45);
insert into book2genre (id, genre_id, book_id) values (107, 53, 16);
insert into book2genre (id, genre_id, book_id) values (108, 53, 54);
insert into book2genre (id, genre_id, book_id) values (109, 38, 38);
insert into book2genre (id, genre_id, book_id) values (110, 52, 92);
insert into book2genre (id, genre_id, book_id) values (111, 42, 4);
insert into book2genre (id, genre_id, book_id) values (112, 26, 82);
insert into book2genre (id, genre_id, book_id) values (113, 7, 163);
insert into book2genre (id, genre_id, book_id) values (114, 15, 137);
insert into book2genre (id, genre_id, book_id) values (115, 45, 120);
insert into book2genre (id, genre_id, book_id) values (116, 35, 192);
insert into book2genre (id, genre_id, book_id) values (117, 2, 95);
insert into book2genre (id, genre_id, book_id) values (118, 57, 37);
insert into book2genre (id, genre_id, book_id) values (119, 24, 46);
insert into book2genre (id, genre_id, book_id) values (120, 36, 49);
insert into book2genre (id, genre_id, book_id) values (121, 46, 191);
insert into book2genre (id, genre_id, book_id) values (122, 48, 158);
insert into book2genre (id, genre_id, book_id) values (123, 14, 179);
insert into book2genre (id, genre_id, book_id) values (124, 38, 172);
insert into book2genre (id, genre_id, book_id) values (125, 51, 197);
insert into book2genre (id, genre_id, book_id) values (126, 48, 140);
insert into book2genre (id, genre_id, book_id) values (127, 5, 99);
insert into book2genre (id, genre_id, book_id) values (128, 7, 131);
insert into book2genre (id, genre_id, book_id) values (129, 36, 55);
insert into book2genre (id, genre_id, book_id) values (130, 53, 169);
insert into book2genre (id, genre_id, book_id) values (131, 13, 156);
insert into book2genre (id, genre_id, book_id) values (132, 25, 48);
insert into book2genre (id, genre_id, book_id) values (133, 31, 160);
insert into book2genre (id, genre_id, book_id) values (134, 14, 160);
insert into book2genre (id, genre_id, book_id) values (135, 41, 93);
insert into book2genre (id, genre_id, book_id) values (136, 23, 137);
insert into book2genre (id, genre_id, book_id) values (137, 45, 19);
insert into book2genre (id, genre_id, book_id) values (138, 48, 79);
insert into book2genre (id, genre_id, book_id) values (139, 6, 83);
insert into book2genre (id, genre_id, book_id) values (140, 40, 150);
insert into book2genre (id, genre_id, book_id) values (141, 17, 185);
insert into book2genre (id, genre_id, book_id) values (142, 49, 90);
insert into book2genre (id, genre_id, book_id) values (143, 25, 71);
insert into book2genre (id, genre_id, book_id) values (144, 19, 22);
insert into book2genre (id, genre_id, book_id) values (145, 3, 166);
insert into book2genre (id, genre_id, book_id) values (146, 42, 132);
insert into book2genre (id, genre_id, book_id) values (147, 33, 115);
insert into book2genre (id, genre_id, book_id) values (148, 38, 154);
insert into book2genre (id, genre_id, book_id) values (149, 2, 172);
insert into book2genre (id, genre_id, book_id) values (150, 6, 145);
insert into book2genre (id, genre_id, book_id) values (151, 22, 99);
insert into book2genre (id, genre_id, book_id) values (152, 38, 11);
insert into book2genre (id, genre_id, book_id) values (153, 5, 171);
insert into book2genre (id, genre_id, book_id) values (154, 11, 88);
insert into book2genre (id, genre_id, book_id) values (155, 58, 90);
insert into book2genre (id, genre_id, book_id) values (156, 50, 91);
insert into book2genre (id, genre_id, book_id) values (157, 45, 57);
insert into book2genre (id, genre_id, book_id) values (158, 24, 62);
insert into book2genre (id, genre_id, book_id) values (159, 12, 100);
insert into book2genre (id, genre_id, book_id) values (160, 59, 168);
insert into book2genre (id, genre_id, book_id) values (161, 22, 10);
insert into book2genre (id, genre_id, book_id) values (162, 10, 115);
insert into book2genre (id, genre_id, book_id) values (163, 44, 61);
insert into book2genre (id, genre_id, book_id) values (164, 25, 34);
insert into book2genre (id, genre_id, book_id) values (165, 10, 169);
insert into book2genre (id, genre_id, book_id) values (166, 6, 72);
insert into book2genre (id, genre_id, book_id) values (167, 40, 100);
insert into book2genre (id, genre_id, book_id) values (168, 23, 121);
insert into book2genre (id, genre_id, book_id) values (169, 6, 171);
insert into book2genre (id, genre_id, book_id) values (170, 31, 139);
insert into book2genre (id, genre_id, book_id) values (171, 44, 187);
insert into book2genre (id, genre_id, book_id) values (172, 43, 118);
insert into book2genre (id, genre_id, book_id) values (173, 16, 102);
insert into book2genre (id, genre_id, book_id) values (174, 25, 54);
insert into book2genre (id, genre_id, book_id) values (175, 19, 78);
insert into book2genre (id, genre_id, book_id) values (176, 1, 180);
insert into book2genre (id, genre_id, book_id) values (177, 42, 107);
insert into book2genre (id, genre_id, book_id) values (178, 58, 34);
insert into book2genre (id, genre_id, book_id) values (179, 57, 192);
insert into book2genre (id, genre_id, book_id) values (180, 25, 155);
insert into book2genre (id, genre_id, book_id) values (181, 38, 158);
insert into book2genre (id, genre_id, book_id) values (182, 57, 116);
insert into book2genre (id, genre_id, book_id) values (183, 16, 171);
insert into book2genre (id, genre_id, book_id) values (184, 30, 108);
insert into book2genre (id, genre_id, book_id) values (185, 55, 156);
insert into book2genre (id, genre_id, book_id) values (186, 36, 168);
insert into book2genre (id, genre_id, book_id) values (187, 11, 183);
insert into book2genre (id, genre_id, book_id) values (188, 56, 146);
insert into book2genre (id, genre_id, book_id) values (189, 34, 168);
insert into book2genre (id, genre_id, book_id) values (190, 21, 42);
insert into book2genre (id, genre_id, book_id) values (191, 33, 13);
insert into book2genre (id, genre_id, book_id) values (192, 36, 124);
insert into book2genre (id, genre_id, book_id) values (193, 3, 8);
insert into book2genre (id, genre_id, book_id) values (194, 33, 119);
insert into book2genre (id, genre_id, book_id) values (195, 46, 99);
insert into book2genre (id, genre_id, book_id) values (196, 53, 75);
insert into book2genre (id, genre_id, book_id) values (197, 24, 11);
insert into book2genre (id, genre_id, book_id) values (198, 8, 180);
insert into book2genre (id, genre_id, book_id) values (199, 45, 125);
insert into book2genre (id, genre_id, book_id) values (200, 8, 43);
insert into book2genre (id, genre_id, book_id) values (201, 51, 84);
insert into book2genre (id, genre_id, book_id) values (202, 28, 76);
insert into book2genre (id, genre_id, book_id) values (203, 12, 94);
insert into book2genre (id, genre_id, book_id) values (204, 56, 180);
insert into book2genre (id, genre_id, book_id) values (205, 36, 120);
insert into book2genre (id, genre_id, book_id) values (206, 14, 154);
insert into book2genre (id, genre_id, book_id) values (207, 36, 66);
insert into book2genre (id, genre_id, book_id) values (208, 6, 29);
insert into book2genre (id, genre_id, book_id) values (209, 44, 30);
insert into book2genre (id, genre_id, book_id) values (210, 3, 3);
insert into book2genre (id, genre_id, book_id) values (211, 8, 139);
insert into book2genre (id, genre_id, book_id) values (212, 5, 113);
insert into book2genre (id, genre_id, book_id) values (213, 2, 88);
insert into book2genre (id, genre_id, book_id) values (214, 48, 85);
insert into book2genre (id, genre_id, book_id) values (215, 52, 166);
insert into book2genre (id, genre_id, book_id) values (216, 32, 48);
insert into book2genre (id, genre_id, book_id) values (217, 44, 8);
insert into book2genre (id, genre_id, book_id) values (218, 31, 172);
insert into book2genre (id, genre_id, book_id) values (219, 7, 79);
insert into book2genre (id, genre_id, book_id) values (220, 60, 80);
insert into book2genre (id, genre_id, book_id) values (221, 4, 97);
insert into book2genre (id, genre_id, book_id) values (222, 19, 165);
insert into book2genre (id, genre_id, book_id) values (223, 24, 137);
insert into book2genre (id, genre_id, book_id) values (224, 13, 75);
insert into book2genre (id, genre_id, book_id) values (225, 51, 15);
insert into book2genre (id, genre_id, book_id) values (226, 56, 22);
insert into book2genre (id, genre_id, book_id) values (227, 4, 189);
insert into book2genre (id, genre_id, book_id) values (228, 7, 197);
insert into book2genre (id, genre_id, book_id) values (229, 31, 71);
insert into book2genre (id, genre_id, book_id) values (230, 50, 76);
insert into book2genre (id, genre_id, book_id) values (231, 36, 164);
insert into book2genre (id, genre_id, book_id) values (232, 17, 143);
insert into book2genre (id, genre_id, book_id) values (233, 4, 104);
insert into book2genre (id, genre_id, book_id) values (234, 2, 141);
insert into book2genre (id, genre_id, book_id) values (235, 50, 132);
insert into book2genre (id, genre_id, book_id) values (236, 31, 129);
insert into book2genre (id, genre_id, book_id) values (237, 51, 11);
insert into book2genre (id, genre_id, book_id) values (238, 49, 16);
insert into book2genre (id, genre_id, book_id) values (239, 51, 54);
insert into book2genre (id, genre_id, book_id) values (240, 18, 126);
insert into book2genre (id, genre_id, book_id) values (241, 12, 52);
insert into book2genre (id, genre_id, book_id) values (242, 14, 112);
insert into book2genre (id, genre_id, book_id) values (243, 10, 14);
insert into book2genre (id, genre_id, book_id) values (244, 45, 63);
insert into book2genre (id, genre_id, book_id) values (245, 18, 98);
insert into book2genre (id, genre_id, book_id) values (246, 55, 10);
insert into book2genre (id, genre_id, book_id) values (247, 14, 32);
insert into book2genre (id, genre_id, book_id) values (248, 14, 46);
insert into book2genre (id, genre_id, book_id) values (249, 27, 34);
insert into book2genre (id, genre_id, book_id) values (250, 24, 74);

-- book2user
insert into book2user (id, user_id, book_id, time) values (1, 60, 188, '2022-02-16 04:08:22');
insert into book2user (id, user_id, book_id, time) values (2, 4, 172, '2022-09-12 15:41:23');
insert into book2user (id, user_id, book_id, time) values (3, 37, 25, '2022-01-29 17:30:35');
insert into book2user (id, user_id, book_id, time) values (4, 79, 8, '2022-06-02 02:37:02');
insert into book2user (id, user_id, book_id, time) values (5, 7, 128, '2022-06-05 09:18:36');
insert into book2user (id, user_id, book_id, time) values (6, 28, 136, '2022-11-13 02:05:59');
insert into book2user (id, user_id, book_id, time) values (7, 91, 176, '2022-11-13 04:49:33');
insert into book2user (id, user_id, book_id, time) values (8, 4, 156, '2022-07-04 17:28:03');
insert into book2user (id, user_id, book_id, time) values (9, 87, 89, '2022-10-18 11:25:20');
insert into book2user (id, user_id, book_id, time) values (10, 44, 170, '2022-05-28 10:14:13');
insert into book2user (id, user_id, book_id, time) values (11, 54, 13, '2021-11-29 18:52:50');
insert into book2user (id, user_id, book_id, time) values (12, 77, 178, '2022-01-20 22:19:15');
insert into book2user (id, user_id, book_id, time) values (13, 90, 29, '2022-09-08 01:47:56');
insert into book2user (id, user_id, book_id, time) values (14, 14, 29, '2021-12-11 21:38:08');
insert into book2user (id, user_id, book_id, time) values (15, 86, 151, '2022-06-05 23:43:41');
insert into book2user (id, user_id, book_id, time) values (16, 35, 23, '2022-08-17 09:10:23');
insert into book2user (id, user_id, book_id, time) values (17, 46, 136, '2022-07-18 21:22:51');
insert into book2user (id, user_id, book_id, time) values (18, 18, 65, '2022-03-05 01:01:06');
insert into book2user (id, user_id, book_id, time) values (19, 61, 119, '2022-09-25 14:48:30');
insert into book2user (id, user_id, book_id, time) values (20, 43, 18, '2022-07-10 03:42:38');
insert into book2user (id, user_id, book_id, time) values (21, 42, 92, '2022-03-26 05:04:49');
insert into book2user (id, user_id, book_id, time) values (22, 37, 7, '2022-07-03 09:20:29');
insert into book2user (id, user_id, book_id, time) values (23, 12, 19, '2022-03-16 10:21:30');
insert into book2user (id, user_id, book_id, time) values (24, 73, 4, '2022-08-15 07:42:58');
insert into book2user (id, user_id, book_id, time) values (25, 11, 185, '2022-07-24 01:35:39');
insert into book2user (id, user_id, book_id, time) values (26, 45, 45, '2022-11-08 23:16:25');
insert into book2user (id, user_id, book_id, time) values (27, 35, 88, '2022-08-04 01:59:07');
insert into book2user (id, user_id, book_id, time) values (28, 87, 106, '2022-01-28 12:21:38');
insert into book2user (id, user_id, book_id, time) values (29, 37, 190, '2022-05-26 13:22:03');
insert into book2user (id, user_id, book_id, time) values (30, 5, 164, '2022-02-23 00:02:43');
insert into book2user (id, user_id, book_id, time) values (31, 30, 83, '2022-10-13 07:36:56');
insert into book2user (id, user_id, book_id, time) values (32, 11, 79, '2022-04-28 06:26:15');
insert into book2user (id, user_id, book_id, time) values (33, 70, 86, '2022-05-18 19:25:14');
insert into book2user (id, user_id, book_id, time) values (34, 16, 157, '2022-09-20 16:36:55');
insert into book2user (id, user_id, book_id, time) values (35, 41, 28, '2022-11-04 23:15:27');
insert into book2user (id, user_id, book_id, time) values (36, 73, 97, '2022-04-09 23:05:27');
insert into book2user (id, user_id, book_id, time) values (37, 19, 33, '2022-01-11 20:53:49');
insert into book2user (id, user_id, book_id, time) values (38, 66, 38, '2022-10-11 19:34:50');
insert into book2user (id, user_id, book_id, time) values (39, 22, 185, '2022-07-19 12:43:28');
insert into book2user (id, user_id, book_id, time) values (40, 79, 153, '2022-01-28 06:29:04');
insert into book2user (id, user_id, book_id, time) values (41, 72, 61, '2022-10-03 18:20:17');
insert into book2user (id, user_id, book_id, time) values (42, 33, 55, '2022-09-09 09:36:24');
insert into book2user (id, user_id, book_id, time) values (43, 68, 189, '2022-08-05 02:57:52');
insert into book2user (id, user_id, book_id, time) values (44, 60, 43, '2022-05-23 00:27:53');
insert into book2user (id, user_id, book_id, time) values (45, 93, 158, '2022-09-28 20:20:13');
insert into book2user (id, user_id, book_id, time) values (46, 7, 53, '2022-02-28 00:19:05');
insert into book2user (id, user_id, book_id, time) values (47, 73, 72, '2022-06-20 20:10:45');
insert into book2user (id, user_id, book_id, time) values (48, 18, 47, '2022-01-08 06:39:28');
insert into book2user (id, user_id, book_id, time) values (49, 86, 126, '2022-01-26 00:25:28');
insert into book2user (id, user_id, book_id, time) values (50, 24, 104, '2022-07-26 03:53:26');
insert into book2user (id, user_id, book_id, time) values (51, 20, 32, '2022-03-25 10:53:36');
insert into book2user (id, user_id, book_id, time) values (52, 98, 184, '2022-02-05 00:10:16');
insert into book2user (id, user_id, book_id, time) values (53, 59, 102, '2022-10-13 16:30:33');
insert into book2user (id, user_id, book_id, time) values (54, 49, 88, '2022-04-20 14:05:20');
insert into book2user (id, user_id, book_id, time) values (55, 50, 147, '2022-09-15 04:00:57');
insert into book2user (id, user_id, book_id, time) values (56, 74, 51, '2022-10-14 10:34:06');
insert into book2user (id, user_id, book_id, time) values (57, 84, 82, '2022-02-17 10:02:57');
insert into book2user (id, user_id, book_id, time) values (58, 90, 72, '2021-12-24 17:54:42');
insert into book2user (id, user_id, book_id, time) values (59, 14, 55, '2022-03-21 20:08:13');
insert into book2user (id, user_id, book_id, time) values (60, 1, 47, '2022-02-12 22:14:57');
insert into book2user (id, user_id, book_id, time) values (61, 33, 126, '2022-05-29 02:22:20');
insert into book2user (id, user_id, book_id, time) values (62, 71, 20, '2022-08-12 04:05:14');
insert into book2user (id, user_id, book_id, time) values (63, 53, 55, '2022-05-09 14:32:37');
insert into book2user (id, user_id, book_id, time) values (64, 11, 168, '2022-01-31 07:12:23');
insert into book2user (id, user_id, book_id, time) values (65, 85, 91, '2022-01-24 23:01:51');
insert into book2user (id, user_id, book_id, time) values (66, 62, 103, '2022-09-18 12:05:59');
insert into book2user (id, user_id, book_id, time) values (67, 26, 8, '2022-01-30 03:29:29');
insert into book2user (id, user_id, book_id, time) values (68, 35, 126, '2022-07-08 04:05:16');
insert into book2user (id, user_id, book_id, time) values (69, 1, 37, '2022-11-07 19:25:40');
insert into book2user (id, user_id, book_id, time) values (70, 81, 83, '2022-06-04 14:58:03');
insert into book2user (id, user_id, book_id, time) values (71, 32, 4, '2022-08-04 12:40:01');
insert into book2user (id, user_id, book_id, time) values (72, 66, 199, '2022-02-17 18:30:38');
insert into book2user (id, user_id, book_id, time) values (73, 26, 86, '2022-03-30 09:40:19');
insert into book2user (id, user_id, book_id, time) values (74, 1, 115, '2022-10-31 04:05:27');
insert into book2user (id, user_id, book_id, time) values (75, 1, 21, '2022-08-21 09:24:37');
insert into book2user (id, user_id, book_id, time) values (76, 94, 85, '2022-08-28 02:18:00');
insert into book2user (id, user_id, book_id, time) values (77, 80, 38, '2022-02-27 22:10:54');
insert into book2user (id, user_id, book_id, time) values (78, 83, 22, '2022-11-24 12:07:50');
insert into book2user (id, user_id, book_id, time) values (79, 4, 119, '2022-03-31 21:43:36');
insert into book2user (id, user_id, book_id, time) values (80, 100, 3, '2022-11-24 18:15:56');
insert into book2user (id, user_id, book_id, time) values (81, 41, 172, '2022-03-26 07:16:30');
insert into book2user (id, user_id, book_id, time) values (82, 23, 92, '2022-11-20 21:19:25');
insert into book2user (id, user_id, book_id, time) values (83, 69, 147, '2022-02-08 04:58:06');
insert into book2user (id, user_id, book_id, time) values (84, 28, 164, '2022-01-10 12:55:18');
insert into book2user (id, user_id, book_id, time) values (85, 41, 103, '2022-05-05 17:44:03');
insert into book2user (id, user_id, book_id, time) values (86, 36, 135, '2022-11-05 17:26:20');
insert into book2user (id, user_id, book_id, time) values (87, 54, 167, '2021-12-27 13:54:35');
insert into book2user (id, user_id, book_id, time) values (88, 31, 184, '2022-09-05 03:03:11');
insert into book2user (id, user_id, book_id, time) values (89, 38, 8, '2022-07-28 19:57:52');
insert into book2user (id, user_id, book_id, time) values (90, 11, 173, '2022-02-19 07:12:21');
insert into book2user (id, user_id, book_id, time) values (91, 18, 79, '2022-07-31 12:24:25');
insert into book2user (id, user_id, book_id, time) values (92, 52, 145, '2022-11-09 18:55:22');
insert into book2user (id, user_id, book_id, time) values (93, 17, 73, '2022-02-10 11:11:26');
insert into book2user (id, user_id, book_id, time) values (94, 88, 189, '2022-10-12 09:42:50');
insert into book2user (id, user_id, book_id, time) values (95, 21, 86, '2022-04-12 16:41:00');
insert into book2user (id, user_id, book_id, time) values (96, 95, 68, '2022-10-15 15:32:26');
insert into book2user (id, user_id, book_id, time) values (97, 78, 115, '2022-08-04 11:23:50');
insert into book2user (id, user_id, book_id, time) values (98, 52, 37, '2022-09-28 14:32:13');
insert into book2user (id, user_id, book_id, time) values (99, 15, 46, '2022-08-08 21:59:19');
insert into book2user (id, user_id, book_id, time) values (100, 73, 44, '2022-03-01 20:01:54');
insert into book2user (id, user_id, book_id, time) values (101, 26, 59, '2022-02-22 18:48:40');
insert into book2user (id, user_id, book_id, time) values (102, 90, 108, '2021-12-10 16:04:44');
insert into book2user (id, user_id, book_id, time) values (103, 67, 93, '2021-11-29 00:49:44');
insert into book2user (id, user_id, book_id, time) values (104, 9, 38, '2022-09-05 19:14:25');
insert into book2user (id, user_id, book_id, time) values (105, 33, 145, '2022-04-18 02:59:20');
insert into book2user (id, user_id, book_id, time) values (106, 46, 165, '2022-09-07 05:17:06');
insert into book2user (id, user_id, book_id, time) values (107, 52, 60, '2022-10-03 18:50:22');
insert into book2user (id, user_id, book_id, time) values (108, 68, 97, '2022-09-24 13:56:29');
insert into book2user (id, user_id, book_id, time) values (109, 26, 127, '2022-04-15 23:23:31');
insert into book2user (id, user_id, book_id, time) values (110, 22, 158, '2022-08-06 21:45:16');
insert into book2user (id, user_id, book_id, time) values (111, 49, 177, '2022-05-18 07:54:30');
insert into book2user (id, user_id, book_id, time) values (112, 62, 168, '2022-01-07 06:36:15');
insert into book2user (id, user_id, book_id, time) values (113, 2, 52, '2022-08-09 22:33:07');
insert into book2user (id, user_id, book_id, time) values (114, 57, 108, '2022-02-16 04:44:33');
insert into book2user (id, user_id, book_id, time) values (115, 20, 31, '2022-04-27 20:46:51');
insert into book2user (id, user_id, book_id, time) values (116, 66, 53, '2022-08-26 19:34:51');
insert into book2user (id, user_id, book_id, time) values (117, 65, 154, '2022-04-12 20:41:16');
insert into book2user (id, user_id, book_id, time) values (118, 87, 5, '2022-06-30 00:12:37');
insert into book2user (id, user_id, book_id, time) values (119, 27, 137, '2022-09-04 03:51:28');
insert into book2user (id, user_id, book_id, time) values (120, 30, 147, '2022-05-18 01:35:10');
insert into book2user (id, user_id, book_id, time) values (121, 18, 14, '2022-06-18 07:21:50');
insert into book2user (id, user_id, book_id, time) values (122, 16, 76, '2022-01-06 04:51:34');
insert into book2user (id, user_id, book_id, time) values (123, 35, 19, '2022-10-21 08:59:23');
insert into book2user (id, user_id, book_id, time) values (124, 90, 197, '2022-04-30 14:15:05');
insert into book2user (id, user_id, book_id, time) values (125, 55, 139, '2022-01-09 20:59:23');
insert into book2user (id, user_id, book_id, time) values (126, 95, 112, '2022-08-30 21:19:03');
insert into book2user (id, user_id, book_id, time) values (127, 14, 145, '2022-03-24 04:26:31');
insert into book2user (id, user_id, book_id, time) values (128, 95, 119, '2022-02-10 23:04:21');
insert into book2user (id, user_id, book_id, time) values (129, 65, 59, '2022-07-12 23:05:13');
insert into book2user (id, user_id, book_id, time) values (130, 84, 150, '2022-10-15 13:05:23');
insert into book2user (id, user_id, book_id, time) values (131, 85, 96, '2022-07-16 22:55:08');
insert into book2user (id, user_id, book_id, time) values (132, 32, 59, '2022-02-18 21:31:21');
insert into book2user (id, user_id, book_id, time) values (133, 54, 112, '2022-04-19 04:56:57');
insert into book2user (id, user_id, book_id, time) values (134, 34, 149, '2022-04-21 15:22:33');
insert into book2user (id, user_id, book_id, time) values (135, 70, 189, '2022-05-03 12:52:04');
insert into book2user (id, user_id, book_id, time) values (136, 80, 196, '2022-06-20 07:19:00');
insert into book2user (id, user_id, book_id, time) values (137, 93, 176, '2021-12-07 20:00:27');
insert into book2user (id, user_id, book_id, time) values (138, 89, 57, '2022-02-01 11:26:39');
insert into book2user (id, user_id, book_id, time) values (139, 91, 176, '2022-10-20 00:46:07');
insert into book2user (id, user_id, book_id, time) values (140, 41, 156, '2022-10-01 06:27:50');
insert into book2user (id, user_id, book_id, time) values (141, 1, 22, '2022-08-12 15:51:24');
insert into book2user (id, user_id, book_id, time) values (142, 62, 5, '2022-07-25 11:07:29');
insert into book2user (id, user_id, book_id, time) values (143, 31, 98, '2022-05-20 01:15:33');
insert into book2user (id, user_id, book_id, time) values (144, 70, 128, '2022-04-23 08:31:43');
insert into book2user (id, user_id, book_id, time) values (145, 44, 29, '2022-05-13 11:43:11');
insert into book2user (id, user_id, book_id, time) values (146, 78, 59, '2022-02-15 04:30:46');
insert into book2user (id, user_id, book_id, time) values (147, 62, 67, '2021-12-22 15:49:37');
insert into book2user (id, user_id, book_id, time) values (148, 100, 131, '2022-04-21 04:00:38');
insert into book2user (id, user_id, book_id, time) values (149, 53, 7, '2022-07-31 13:10:44');
insert into book2user (id, user_id, book_id, time) values (150, 22, 60, '2022-02-23 06:22:17');
insert into book2user (id, user_id, book_id, time) values (151, 18, 166, '2022-01-30 00:54:35');
insert into book2user (id, user_id, book_id, time) values (152, 63, 172, '2022-11-06 16:15:14');
insert into book2user (id, user_id, book_id, time) values (153, 84, 119, '2021-12-09 19:10:34');
insert into book2user (id, user_id, book_id, time) values (154, 65, 89, '2022-09-07 09:09:02');
insert into book2user (id, user_id, book_id, time) values (155, 61, 84, '2021-12-30 02:04:49');
insert into book2user (id, user_id, book_id, time) values (156, 3, 195, '2022-04-04 12:47:47');
insert into book2user (id, user_id, book_id, time) values (157, 38, 58, '2022-02-10 17:45:16');
insert into book2user (id, user_id, book_id, time) values (158, 50, 46, '2022-03-17 12:23:47');
insert into book2user (id, user_id, book_id, time) values (159, 26, 85, '2022-03-25 00:54:48');
insert into book2user (id, user_id, book_id, time) values (160, 78, 122, '2022-08-07 04:50:02');
insert into book2user (id, user_id, book_id, time) values (161, 47, 147, '2022-02-18 07:53:19');
insert into book2user (id, user_id, book_id, time) values (162, 3, 187, '2022-10-22 09:19:24');
insert into book2user (id, user_id, book_id, time) values (163, 62, 55, '2022-03-31 01:23:20');
insert into book2user (id, user_id, book_id, time) values (164, 64, 134, '2022-08-20 02:20:04');
insert into book2user (id, user_id, book_id, time) values (165, 66, 2, '2021-12-27 15:01:23');
insert into book2user (id, user_id, book_id, time) values (166, 76, 195, '2021-12-27 13:10:28');
insert into book2user (id, user_id, book_id, time) values (167, 17, 101, '2022-04-29 22:02:35');
insert into book2user (id, user_id, book_id, time) values (168, 30, 125, '2022-03-20 18:43:48');
insert into book2user (id, user_id, book_id, time) values (169, 45, 95, '2022-10-25 01:49:16');
insert into book2user (id, user_id, book_id, time) values (170, 67, 91, '2021-12-19 23:53:37');
insert into book2user (id, user_id, book_id, time) values (171, 84, 184, '2022-02-21 23:50:58');
insert into book2user (id, user_id, book_id, time) values (172, 5, 174, '2022-09-05 07:02:18');
insert into book2user (id, user_id, book_id, time) values (173, 17, 6, '2022-10-27 11:34:11');
insert into book2user (id, user_id, book_id, time) values (174, 85, 116, '2021-12-14 17:22:20');
insert into book2user (id, user_id, book_id, time) values (175, 70, 27, '2022-03-12 22:55:19');
insert into book2user (id, user_id, book_id, time) values (176, 67, 117, '2021-12-01 07:59:44');
insert into book2user (id, user_id, book_id, time) values (177, 11, 91, '2022-11-17 08:42:45');
insert into book2user (id, user_id, book_id, time) values (178, 54, 59, '2022-02-10 04:32:13');
insert into book2user (id, user_id, book_id, time) values (179, 14, 100, '2022-09-12 13:02:22');
insert into book2user (id, user_id, book_id, time) values (180, 4, 96, '2022-02-19 21:14:11');
insert into book2user (id, user_id, book_id, time) values (181, 26, 5, '2022-03-08 20:16:36');
insert into book2user (id, user_id, book_id, time) values (182, 54, 23, '2022-08-05 06:42:21');
insert into book2user (id, user_id, book_id, time) values (183, 31, 88, '2022-07-26 04:03:46');
insert into book2user (id, user_id, book_id, time) values (184, 9, 22, '2022-05-10 06:23:47');
insert into book2user (id, user_id, book_id, time) values (185, 83, 160, '2022-06-30 14:26:01');
insert into book2user (id, user_id, book_id, time) values (186, 95, 2, '2022-06-28 17:57:22');
insert into book2user (id, user_id, book_id, time) values (187, 52, 109, '2022-04-25 11:22:44');
insert into book2user (id, user_id, book_id, time) values (188, 59, 42, '2022-04-04 01:02:19');
insert into book2user (id, user_id, book_id, time) values (189, 79, 124, '2022-01-05 13:34:41');
insert into book2user (id, user_id, book_id, time) values (190, 47, 60, '2021-12-19 16:56:24');
insert into book2user (id, user_id, book_id, time) values (191, 38, 115, '2022-09-14 12:40:04');
insert into book2user (id, user_id, book_id, time) values (192, 98, 129, '2022-01-23 03:23:34');
insert into book2user (id, user_id, book_id, time) values (193, 45, 118, '2022-10-15 18:59:27');
insert into book2user (id, user_id, book_id, time) values (194, 35, 8, '2022-07-13 18:12:32');
insert into book2user (id, user_id, book_id, time) values (195, 83, 108, '2022-04-09 08:55:12');
insert into book2user (id, user_id, book_id, time) values (196, 21, 91, '2022-09-12 21:34:45');
insert into book2user (id, user_id, book_id, time) values (197, 90, 171, '2022-03-17 02:45:27');
insert into book2user (id, user_id, book_id, time) values (198, 46, 138, '2022-08-27 01:25:04');
insert into book2user (id, user_id, book_id, time) values (199, 84, 10, '2022-11-03 15:47:14');
insert into book2user (id, user_id, book_id, time) values (200, 98, 33, '2022-07-16 02:10:32');
insert into book2user (id, user_id, book_id, time) values (201, 44, 108, '2022-09-30 13:52:57');
insert into book2user (id, user_id, book_id, time) values (202, 21, 50, '2022-08-07 11:19:25');
insert into book2user (id, user_id, book_id, time) values (203, 66, 39, '2022-03-14 05:59:04');
insert into book2user (id, user_id, book_id, time) values (204, 55, 160, '2022-01-29 18:38:22');
insert into book2user (id, user_id, book_id, time) values (205, 84, 141, '2022-01-22 03:37:32');
insert into book2user (id, user_id, book_id, time) values (206, 99, 121, '2022-04-17 20:56:10');
insert into book2user (id, user_id, book_id, time) values (207, 36, 6, '2022-11-06 19:40:50');
insert into book2user (id, user_id, book_id, time) values (208, 79, 99, '2022-11-09 04:26:42');
insert into book2user (id, user_id, book_id, time) values (209, 32, 21, '2022-07-28 13:21:03');
insert into book2user (id, user_id, book_id, time) values (210, 23, 178, '2022-06-18 07:26:47');
insert into book2user (id, user_id, book_id, time) values (211, 37, 17, '2022-03-16 05:21:45');
insert into book2user (id, user_id, book_id, time) values (212, 52, 69, '2022-04-05 23:27:56');
insert into book2user (id, user_id, book_id, time) values (213, 86, 186, '2022-01-25 17:28:10');
insert into book2user (id, user_id, book_id, time) values (214, 21, 65, '2022-06-21 09:07:15');
insert into book2user (id, user_id, book_id, time) values (215, 61, 120, '2022-09-22 20:34:15');
insert into book2user (id, user_id, book_id, time) values (216, 90, 91, '2022-11-16 01:29:49');
insert into book2user (id, user_id, book_id, time) values (217, 49, 48, '2022-07-08 07:16:15');
insert into book2user (id, user_id, book_id, time) values (218, 46, 126, '2022-06-24 01:17:16');
insert into book2user (id, user_id, book_id, time) values (219, 50, 119, '2022-04-15 09:14:54');
insert into book2user (id, user_id, book_id, time) values (220, 61, 49, '2022-02-08 11:33:26');
insert into book2user (id, user_id, book_id, time) values (221, 28, 102, '2022-09-30 19:02:10');
insert into book2user (id, user_id, book_id, time) values (222, 14, 86, '2022-01-30 03:26:05');
insert into book2user (id, user_id, book_id, time) values (223, 13, 136, '2022-08-24 18:12:41');
insert into book2user (id, user_id, book_id, time) values (224, 9, 150, '2022-04-22 11:12:26');
insert into book2user (id, user_id, book_id, time) values (225, 71, 114, '2022-02-28 05:10:19');
insert into book2user (id, user_id, book_id, time) values (226, 72, 193, '2022-02-27 05:35:49');
insert into book2user (id, user_id, book_id, time) values (227, 43, 174, '2022-05-30 19:57:08');
insert into book2user (id, user_id, book_id, time) values (228, 64, 14, '2022-11-14 16:27:54');
insert into book2user (id, user_id, book_id, time) values (229, 12, 173, '2022-07-13 09:39:23');
insert into book2user (id, user_id, book_id, time) values (230, 86, 105, '2022-01-18 15:34:34');
insert into book2user (id, user_id, book_id, time) values (231, 62, 87, '2022-07-17 17:52:37');
insert into book2user (id, user_id, book_id, time) values (232, 68, 129, '2022-10-23 11:08:39');
insert into book2user (id, user_id, book_id, time) values (233, 98, 132, '2022-10-06 15:57:52');
insert into book2user (id, user_id, book_id, time) values (234, 66, 192, '2022-07-23 17:26:48');
insert into book2user (id, user_id, book_id, time) values (235, 72, 39, '2022-07-09 01:17:02');
insert into book2user (id, user_id, book_id, time) values (236, 28, 135, '2022-10-31 13:01:38');
insert into book2user (id, user_id, book_id, time) values (237, 54, 107, '2021-12-09 02:18:22');
insert into book2user (id, user_id, book_id, time) values (238, 7, 82, '2022-08-07 19:50:49');
insert into book2user (id, user_id, book_id, time) values (239, 45, 68, '2022-09-18 07:01:00');
insert into book2user (id, user_id, book_id, time) values (240, 51, 118, '2022-11-11 08:00:55');
insert into book2user (id, user_id, book_id, time) values (241, 17, 130, '2022-08-19 21:36:31');
insert into book2user (id, user_id, book_id, time) values (242, 19, 44, '2022-04-21 19:39:01');
insert into book2user (id, user_id, book_id, time) values (243, 14, 116, '2022-10-01 03:22:10');
insert into book2user (id, user_id, book_id, time) values (244, 29, 115, '2022-08-29 19:43:31');
insert into book2user (id, user_id, book_id, time) values (245, 65, 80, '2022-04-13 05:17:45');
insert into book2user (id, user_id, book_id, time) values (246, 27, 27, '2022-07-31 11:54:59');
insert into book2user (id, user_id, book_id, time) values (247, 31, 183, '2022-08-15 05:01:27');
insert into book2user (id, user_id, book_id, time) values (248, 40, 188, '2022-09-13 09:53:12');
insert into book2user (id, user_id, book_id, time) values (249, 43, 170, '2022-11-14 19:57:21');
insert into book2user (id, user_id, book_id, time) values (250, 84, 157, '2022-05-02 06:10:04');

-- book2tag
insert into book2tag (id, tag_id, book_id) values (1, 5, 1);
insert into book2tag (id, tag_id, book_id) values (2, 34, 2);
insert into book2tag (id, tag_id, book_id) values (3, 40, 3);
insert into book2tag (id, tag_id, book_id) values (4, 29, 4);
insert into book2tag (id, tag_id, book_id) values (5, 10, 5);
insert into book2tag (id, tag_id, book_id) values (6, 6, 6);
insert into book2tag (id, tag_id, book_id) values (7, 22, 7);
insert into book2tag (id, tag_id, book_id) values (8, 32, 8);
insert into book2tag (id, tag_id, book_id) values (9, 25, 9);
insert into book2tag (id, tag_id, book_id) values (10, 32, 10);
insert into book2tag (id, tag_id, book_id) values (11, 11, 11);
insert into book2tag (id, tag_id, book_id) values (12, 10, 12);
insert into book2tag (id, tag_id, book_id) values (13, 7, 13);
insert into book2tag (id, tag_id, book_id) values (14, 36, 14);
insert into book2tag (id, tag_id, book_id) values (15, 10, 15);
insert into book2tag (id, tag_id, book_id) values (16, 2, 16);
insert into book2tag (id, tag_id, book_id) values (17, 7, 17);
insert into book2tag (id, tag_id, book_id) values (18, 22, 18);
insert into book2tag (id, tag_id, book_id) values (19, 46, 19);
insert into book2tag (id, tag_id, book_id) values (20, 3, 20);
insert into book2tag (id, tag_id, book_id) values (21, 6, 21);
insert into book2tag (id, tag_id, book_id) values (22, 26, 22);
insert into book2tag (id, tag_id, book_id) values (23, 38, 23);
insert into book2tag (id, tag_id, book_id) values (24, 2, 24);
insert into book2tag (id, tag_id, book_id) values (25, 19, 25);
insert into book2tag (id, tag_id, book_id) values (26, 19, 26);
insert into book2tag (id, tag_id, book_id) values (27, 32, 27);
insert into book2tag (id, tag_id, book_id) values (28, 18, 28);
insert into book2tag (id, tag_id, book_id) values (29, 40, 29);
insert into book2tag (id, tag_id, book_id) values (30, 3, 30);
insert into book2tag (id, tag_id, book_id) values (31, 40, 31);
insert into book2tag (id, tag_id, book_id) values (32, 18, 32);
insert into book2tag (id, tag_id, book_id) values (33, 34, 33);
insert into book2tag (id, tag_id, book_id) values (34, 1, 34);
insert into book2tag (id, tag_id, book_id) values (35, 34, 35);
insert into book2tag (id, tag_id, book_id) values (36, 32, 36);
insert into book2tag (id, tag_id, book_id) values (37, 8, 37);
insert into book2tag (id, tag_id, book_id) values (38, 39, 38);
insert into book2tag (id, tag_id, book_id) values (39, 49, 39);
insert into book2tag (id, tag_id, book_id) values (40, 10, 40);
insert into book2tag (id, tag_id, book_id) values (41, 3, 41);
insert into book2tag (id, tag_id, book_id) values (42, 27, 42);
insert into book2tag (id, tag_id, book_id) values (43, 28, 43);
insert into book2tag (id, tag_id, book_id) values (44, 23, 44);
insert into book2tag (id, tag_id, book_id) values (45, 28, 45);
insert into book2tag (id, tag_id, book_id) values (46, 9, 46);
insert into book2tag (id, tag_id, book_id) values (47, 25, 47);
insert into book2tag (id, tag_id, book_id) values (48, 31, 48);
insert into book2tag (id, tag_id, book_id) values (49, 34, 49);
insert into book2tag (id, tag_id, book_id) values (50, 35, 50);
insert into book2tag (id, tag_id, book_id) values (51, 42, 51);
insert into book2tag (id, tag_id, book_id) values (52, 19, 52);
insert into book2tag (id, tag_id, book_id) values (53, 47, 53);
insert into book2tag (id, tag_id, book_id) values (54, 9, 54);
insert into book2tag (id, tag_id, book_id) values (55, 48, 55);
insert into book2tag (id, tag_id, book_id) values (56, 32, 56);
insert into book2tag (id, tag_id, book_id) values (57, 13, 57);
insert into book2tag (id, tag_id, book_id) values (58, 33, 58);
insert into book2tag (id, tag_id, book_id) values (59, 18, 59);
insert into book2tag (id, tag_id, book_id) values (60, 38, 60);
insert into book2tag (id, tag_id, book_id) values (61, 43, 61);
insert into book2tag (id, tag_id, book_id) values (62, 47, 62);
insert into book2tag (id, tag_id, book_id) values (63, 42, 63);
insert into book2tag (id, tag_id, book_id) values (64, 45, 64);
insert into book2tag (id, tag_id, book_id) values (65, 13, 65);
insert into book2tag (id, tag_id, book_id) values (66, 13, 66);
insert into book2tag (id, tag_id, book_id) values (67, 43, 67);
insert into book2tag (id, tag_id, book_id) values (68, 45, 68);
insert into book2tag (id, tag_id, book_id) values (69, 31, 69);
insert into book2tag (id, tag_id, book_id) values (70, 38, 70);
insert into book2tag (id, tag_id, book_id) values (71, 29, 71);
insert into book2tag (id, tag_id, book_id) values (72, 23, 72);
insert into book2tag (id, tag_id, book_id) values (73, 7, 73);
insert into book2tag (id, tag_id, book_id) values (74, 28, 74);
insert into book2tag (id, tag_id, book_id) values (75, 39, 75);
insert into book2tag (id, tag_id, book_id) values (76, 37, 76);
insert into book2tag (id, tag_id, book_id) values (77, 23, 77);
insert into book2tag (id, tag_id, book_id) values (78, 12, 78);
insert into book2tag (id, tag_id, book_id) values (79, 43, 79);
insert into book2tag (id, tag_id, book_id) values (80, 25, 80);
insert into book2tag (id, tag_id, book_id) values (81, 13, 81);
insert into book2tag (id, tag_id, book_id) values (82, 25, 82);
insert into book2tag (id, tag_id, book_id) values (83, 19, 83);
insert into book2tag (id, tag_id, book_id) values (84, 43, 84);
insert into book2tag (id, tag_id, book_id) values (85, 22, 85);
insert into book2tag (id, tag_id, book_id) values (86, 41, 86);
insert into book2tag (id, tag_id, book_id) values (87, 46, 87);
insert into book2tag (id, tag_id, book_id) values (88, 41, 88);
insert into book2tag (id, tag_id, book_id) values (89, 37, 89);
insert into book2tag (id, tag_id, book_id) values (90, 11, 90);
insert into book2tag (id, tag_id, book_id) values (91, 37, 91);
insert into book2tag (id, tag_id, book_id) values (92, 16, 92);
insert into book2tag (id, tag_id, book_id) values (93, 40, 93);
insert into book2tag (id, tag_id, book_id) values (94, 17, 94);
insert into book2tag (id, tag_id, book_id) values (95, 42, 95);
insert into book2tag (id, tag_id, book_id) values (96, 26, 96);
insert into book2tag (id, tag_id, book_id) values (97, 11, 97);
insert into book2tag (id, tag_id, book_id) values (98, 20, 98);
insert into book2tag (id, tag_id, book_id) values (99, 22, 99);
insert into book2tag (id, tag_id, book_id) values (100, 8, 100);
insert into book2tag (id, tag_id, book_id) values (101, 31, 101);
insert into book2tag (id, tag_id, book_id) values (102, 46, 102);
insert into book2tag (id, tag_id, book_id) values (103, 37, 103);
insert into book2tag (id, tag_id, book_id) values (104, 7, 104);
insert into book2tag (id, tag_id, book_id) values (105, 30, 105);
insert into book2tag (id, tag_id, book_id) values (106, 11, 106);
insert into book2tag (id, tag_id, book_id) values (107, 32, 107);
insert into book2tag (id, tag_id, book_id) values (108, 5, 108);
insert into book2tag (id, tag_id, book_id) values (109, 12, 109);
insert into book2tag (id, tag_id, book_id) values (110, 11, 110);
insert into book2tag (id, tag_id, book_id) values (111, 30, 111);
insert into book2tag (id, tag_id, book_id) values (112, 5, 112);
insert into book2tag (id, tag_id, book_id) values (113, 24, 113);
insert into book2tag (id, tag_id, book_id) values (114, 39, 114);
insert into book2tag (id, tag_id, book_id) values (115, 38, 115);
insert into book2tag (id, tag_id, book_id) values (116, 22, 116);
insert into book2tag (id, tag_id, book_id) values (117, 38, 117);
insert into book2tag (id, tag_id, book_id) values (118, 10, 118);
insert into book2tag (id, tag_id, book_id) values (119, 18, 119);
insert into book2tag (id, tag_id, book_id) values (120, 22, 120);
insert into book2tag (id, tag_id, book_id) values (121, 40, 121);
insert into book2tag (id, tag_id, book_id) values (122, 48, 122);
insert into book2tag (id, tag_id, book_id) values (123, 41, 123);
insert into book2tag (id, tag_id, book_id) values (124, 5, 124);
insert into book2tag (id, tag_id, book_id) values (125, 30, 125);
insert into book2tag (id, tag_id, book_id) values (126, 9, 126);
insert into book2tag (id, tag_id, book_id) values (127, 14, 127);
insert into book2tag (id, tag_id, book_id) values (128, 45, 128);
insert into book2tag (id, tag_id, book_id) values (129, 39, 129);
insert into book2tag (id, tag_id, book_id) values (130, 15, 130);
insert into book2tag (id, tag_id, book_id) values (131, 38, 131);
insert into book2tag (id, tag_id, book_id) values (132, 2, 132);
insert into book2tag (id, tag_id, book_id) values (133, 8, 133);
insert into book2tag (id, tag_id, book_id) values (134, 1, 134);
insert into book2tag (id, tag_id, book_id) values (135, 13, 135);
insert into book2tag (id, tag_id, book_id) values (136, 44, 136);
insert into book2tag (id, tag_id, book_id) values (137, 29, 137);
insert into book2tag (id, tag_id, book_id) values (138, 44, 138);
insert into book2tag (id, tag_id, book_id) values (139, 27, 139);
insert into book2tag (id, tag_id, book_id) values (140, 28, 140);
insert into book2tag (id, tag_id, book_id) values (141, 8, 141);
insert into book2tag (id, tag_id, book_id) values (142, 22, 142);
insert into book2tag (id, tag_id, book_id) values (143, 16, 143);
insert into book2tag (id, tag_id, book_id) values (144, 23, 144);
insert into book2tag (id, tag_id, book_id) values (145, 23, 145);
insert into book2tag (id, tag_id, book_id) values (146, 11, 146);
insert into book2tag (id, tag_id, book_id) values (147, 27, 147);
insert into book2tag (id, tag_id, book_id) values (148, 45, 148);
insert into book2tag (id, tag_id, book_id) values (149, 6, 149);
insert into book2tag (id, tag_id, book_id) values (150, 30, 150);
insert into book2tag (id, tag_id, book_id) values (151, 28, 151);
insert into book2tag (id, tag_id, book_id) values (152, 5, 152);
insert into book2tag (id, tag_id, book_id) values (153, 45, 153);
insert into book2tag (id, tag_id, book_id) values (154, 22, 154);
insert into book2tag (id, tag_id, book_id) values (155, 14, 155);
insert into book2tag (id, tag_id, book_id) values (156, 23, 156);
insert into book2tag (id, tag_id, book_id) values (157, 27, 157);
insert into book2tag (id, tag_id, book_id) values (158, 36, 158);
insert into book2tag (id, tag_id, book_id) values (159, 15, 159);
insert into book2tag (id, tag_id, book_id) values (160, 25, 160);
insert into book2tag (id, tag_id, book_id) values (161, 38, 161);
insert into book2tag (id, tag_id, book_id) values (162, 11, 162);
insert into book2tag (id, tag_id, book_id) values (163, 2, 163);
insert into book2tag (id, tag_id, book_id) values (164, 1, 164);
insert into book2tag (id, tag_id, book_id) values (165, 19, 165);
insert into book2tag (id, tag_id, book_id) values (166, 37, 166);
insert into book2tag (id, tag_id, book_id) values (167, 33, 167);
insert into book2tag (id, tag_id, book_id) values (168, 30, 168);
insert into book2tag (id, tag_id, book_id) values (169, 43, 169);
insert into book2tag (id, tag_id, book_id) values (170, 5, 170);
insert into book2tag (id, tag_id, book_id) values (171, 15, 171);
insert into book2tag (id, tag_id, book_id) values (172, 7, 172);
insert into book2tag (id, tag_id, book_id) values (173, 10, 173);
insert into book2tag (id, tag_id, book_id) values (174, 2, 174);
insert into book2tag (id, tag_id, book_id) values (175, 15, 175);
insert into book2tag (id, tag_id, book_id) values (176, 14, 176);
insert into book2tag (id, tag_id, book_id) values (177, 16, 177);
insert into book2tag (id, tag_id, book_id) values (178, 17, 178);
insert into book2tag (id, tag_id, book_id) values (179, 22, 179);
insert into book2tag (id, tag_id, book_id) values (180, 15, 180);
insert into book2tag (id, tag_id, book_id) values (181, 28, 181);
insert into book2tag (id, tag_id, book_id) values (182, 12, 182);
insert into book2tag (id, tag_id, book_id) values (183, 34, 183);
insert into book2tag (id, tag_id, book_id) values (184, 17, 184);
insert into book2tag (id, tag_id, book_id) values (185, 33, 185);
insert into book2tag (id, tag_id, book_id) values (186, 42, 186);
insert into book2tag (id, tag_id, book_id) values (187, 37, 187);
insert into book2tag (id, tag_id, book_id) values (188, 36, 188);
insert into book2tag (id, tag_id, book_id) values (189, 28, 189);
insert into book2tag (id, tag_id, book_id) values (190, 18, 190);
insert into book2tag (id, tag_id, book_id) values (191, 29, 191);
insert into book2tag (id, tag_id, book_id) values (192, 46, 192);
insert into book2tag (id, tag_id, book_id) values (193, 34, 193);
insert into book2tag (id, tag_id, book_id) values (194, 4, 194);
insert into book2tag (id, tag_id, book_id) values (195, 26, 195);
insert into book2tag (id, tag_id, book_id) values (196, 26, 196);
insert into book2tag (id, tag_id, book_id) values (197, 7, 197);
insert into book2tag (id, tag_id, book_id) values (198, 7, 198);
insert into book2tag (id, tag_id, book_id) values (199, 48, 199);
insert into book2tag (id, tag_id, book_id) values (200, 35, 200);

-- book2author
insert into book2author (id, author_id, book_id) values (1, 16, 127);
insert into book2author (id, author_id, book_id) values (2, 6, 57);
insert into book2author (id, author_id, book_id) values (3, 18, 166);
insert into book2author (id, author_id, book_id) values (4, 19, 10);
insert into book2author (id, author_id, book_id) values (5, 21, 173);
insert into book2author (id, author_id, book_id) values (6, 13, 12);
insert into book2author (id, author_id, book_id) values (7, 21, 125);
insert into book2author (id, author_id, book_id) values (8, 8, 195);
insert into book2author (id, author_id, book_id) values (9, 9, 45);
insert into book2author (id, author_id, book_id) values (10, 15, 69);
insert into book2author (id, author_id, book_id) values (11, 13, 28);
insert into book2author (id, author_id, book_id) values (12, 12, 102);
insert into book2author (id, author_id, book_id) values (13, 3, 26);
insert into book2author (id, author_id, book_id) values (14, 17, 51);
insert into book2author (id, author_id, book_id) values (15, 13, 178);
insert into book2author (id, author_id, book_id) values (16, 8, 190);
insert into book2author (id, author_id, book_id) values (17, 12, 165);
insert into book2author (id, author_id, book_id) values (18, 14, 102);
insert into book2author (id, author_id, book_id) values (19, 9, 165);
insert into book2author (id, author_id, book_id) values (20, 4, 11);
insert into book2author (id, author_id, book_id) values (21, 8, 76);
insert into book2author (id, author_id, book_id) values (22, 2, 15);
insert into book2author (id, author_id, book_id) values (23, 4, 95);
insert into book2author (id, author_id, book_id) values (24, 8, 84);
insert into book2author (id, author_id, book_id) values (25, 11, 140);
insert into book2author (id, author_id, book_id) values (26, 12, 34);
insert into book2author (id, author_id, book_id) values (27, 21, 105);
insert into book2author (id, author_id, book_id) values (28, 13, 155);
insert into book2author (id, author_id, book_id) values (29, 17, 103);
insert into book2author (id, author_id, book_id) values (30, 4, 155);
insert into book2author (id, author_id, book_id) values (31, 13, 106);
insert into book2author (id, author_id, book_id) values (32, 15, 92);
insert into book2author (id, author_id, book_id) values (33, 14, 48);
insert into book2author (id, author_id, book_id) values (34, 4, 125);
insert into book2author (id, author_id, book_id) values (35, 7, 160);
insert into book2author (id, author_id, book_id) values (36, 18, 78);
insert into book2author (id, author_id, book_id) values (37, 4, 64);
insert into book2author (id, author_id, book_id) values (38, 15, 104);
insert into book2author (id, author_id, book_id) values (39, 10, 24);
insert into book2author (id, author_id, book_id) values (40, 9, 143);
insert into book2author (id, author_id, book_id) values (41, 19, 112);
insert into book2author (id, author_id, book_id) values (42, 5, 15);
insert into book2author (id, author_id, book_id) values (43, 18, 38);
insert into book2author (id, author_id, book_id) values (44, 18, 21);
insert into book2author (id, author_id, book_id) values (45, 19, 46);
insert into book2author (id, author_id, book_id) values (46, 1, 127);
insert into book2author (id, author_id, book_id) values (47, 4, 159);
insert into book2author (id, author_id, book_id) values (48, 9, 12);
insert into book2author (id, author_id, book_id) values (49, 16, 93);
insert into book2author (id, author_id, book_id) values (50, 13, 57);
insert into book2author (id, author_id, book_id) values (51, 6, 36);
insert into book2author (id, author_id, book_id) values (52, 2, 28);
insert into book2author (id, author_id, book_id) values (53, 14, 8);
insert into book2author (id, author_id, book_id) values (54, 2, 22);
insert into book2author (id, author_id, book_id) values (55, 4, 103);
insert into book2author (id, author_id, book_id) values (56, 12, 38);
insert into book2author (id, author_id, book_id) values (57, 5, 130);
insert into book2author (id, author_id, book_id) values (58, 18, 23);
insert into book2author (id, author_id, book_id) values (59, 9, 5);
insert into book2author (id, author_id, book_id) values (60, 14, 68);
insert into book2author (id, author_id, book_id) values (61, 1, 56);
insert into book2author (id, author_id, book_id) values (62, 13, 18);
insert into book2author (id, author_id, book_id) values (63, 20, 136);
insert into book2author (id, author_id, book_id) values (64, 21, 164);
insert into book2author (id, author_id, book_id) values (65, 13, 119);
insert into book2author (id, author_id, book_id) values (66, 15, 151);
insert into book2author (id, author_id, book_id) values (67, 1, 91);
insert into book2author (id, author_id, book_id) values (68, 9, 196);
insert into book2author (id, author_id, book_id) values (69, 5, 71);
insert into book2author (id, author_id, book_id) values (70, 6, 117);
insert into book2author (id, author_id, book_id) values (71, 19, 2);
insert into book2author (id, author_id, book_id) values (72, 18, 37);
insert into book2author (id, author_id, book_id) values (73, 18, 82);
insert into book2author (id, author_id, book_id) values (74, 11, 109);
insert into book2author (id, author_id, book_id) values (75, 10, 43);
insert into book2author (id, author_id, book_id) values (76, 20, 145);
insert into book2author (id, author_id, book_id) values (77, 2, 42);
insert into book2author (id, author_id, book_id) values (78, 21, 7);
insert into book2author (id, author_id, book_id) values (79, 19, 101);
insert into book2author (id, author_id, book_id) values (80, 12, 56);
insert into book2author (id, author_id, book_id) values (81, 10, 38);
insert into book2author (id, author_id, book_id) values (82, 3, 173);
insert into book2author (id, author_id, book_id) values (83, 11, 33);
insert into book2author (id, author_id, book_id) values (84, 20, 48);
insert into book2author (id, author_id, book_id) values (85, 21, 130);
insert into book2author (id, author_id, book_id) values (86, 3, 134);
insert into book2author (id, author_id, book_id) values (87, 8, 123);
insert into book2author (id, author_id, book_id) values (88, 1, 34);
insert into book2author (id, author_id, book_id) values (89, 8, 124);
insert into book2author (id, author_id, book_id) values (90, 13, 57);
insert into book2author (id, author_id, book_id) values (91, 7, 22);
insert into book2author (id, author_id, book_id) values (92, 7, 132);
insert into book2author (id, author_id, book_id) values (93, 4, 182);
insert into book2author (id, author_id, book_id) values (94, 12, 18);
insert into book2author (id, author_id, book_id) values (95, 16, 84);
insert into book2author (id, author_id, book_id) values (96, 4, 57);
insert into book2author (id, author_id, book_id) values (97, 9, 174);
insert into book2author (id, author_id, book_id) values (98, 10, 12);
insert into book2author (id, author_id, book_id) values (99, 13, 113);
insert into book2author (id, author_id, book_id) values (100, 16, 7);
insert into book2author (id, author_id, book_id) values (101, 12, 98);
insert into book2author (id, author_id, book_id) values (102, 1, 88);
insert into book2author (id, author_id, book_id) values (103, 21, 44);
insert into book2author (id, author_id, book_id) values (104, 14, 153);
insert into book2author (id, author_id, book_id) values (105, 15, 106);
insert into book2author (id, author_id, book_id) values (106, 20, 37);
insert into book2author (id, author_id, book_id) values (107, 21, 108);
insert into book2author (id, author_id, book_id) values (108, 6, 75);
insert into book2author (id, author_id, book_id) values (109, 12, 55);
insert into book2author (id, author_id, book_id) values (110, 12, 35);
insert into book2author (id, author_id, book_id) values (111, 1, 47);
insert into book2author (id, author_id, book_id) values (112, 3, 153);
insert into book2author (id, author_id, book_id) values (113, 5, 131);
insert into book2author (id, author_id, book_id) values (114, 20, 132);
insert into book2author (id, author_id, book_id) values (115, 12, 96);
insert into book2author (id, author_id, book_id) values (116, 1, 15);
insert into book2author (id, author_id, book_id) values (117, 1, 34);
insert into book2author (id, author_id, book_id) values (118, 9, 112);
insert into book2author (id, author_id, book_id) values (119, 16, 183);
insert into book2author (id, author_id, book_id) values (120, 16, 24);
insert into book2author (id, author_id, book_id) values (121, 15, 31);
insert into book2author (id, author_id, book_id) values (122, 16, 55);
insert into book2author (id, author_id, book_id) values (123, 13, 18);
insert into book2author (id, author_id, book_id) values (124, 18, 195);
insert into book2author (id, author_id, book_id) values (125, 10, 168);
insert into book2author (id, author_id, book_id) values (126, 8, 119);
insert into book2author (id, author_id, book_id) values (127, 9, 77);
insert into book2author (id, author_id, book_id) values (128, 16, 117);
insert into book2author (id, author_id, book_id) values (129, 17, 53);
insert into book2author (id, author_id, book_id) values (130, 13, 186);
insert into book2author (id, author_id, book_id) values (131, 4, 41);
insert into book2author (id, author_id, book_id) values (132, 4, 183);
insert into book2author (id, author_id, book_id) values (133, 15, 86);
insert into book2author (id, author_id, book_id) values (134, 9, 67);
insert into book2author (id, author_id, book_id) values (135, 4, 7);
insert into book2author (id, author_id, book_id) values (136, 7, 182);
insert into book2author (id, author_id, book_id) values (137, 4, 47);
insert into book2author (id, author_id, book_id) values (138, 19, 30);
insert into book2author (id, author_id, book_id) values (139, 5, 124);
insert into book2author (id, author_id, book_id) values (140, 20, 175);
insert into book2author (id, author_id, book_id) values (141, 2, 21);
insert into book2author (id, author_id, book_id) values (142, 20, 184);
insert into book2author (id, author_id, book_id) values (143, 16, 44);
insert into book2author (id, author_id, book_id) values (144, 13, 7);
insert into book2author (id, author_id, book_id) values (145, 19, 10);
insert into book2author (id, author_id, book_id) values (146, 17, 176);
insert into book2author (id, author_id, book_id) values (147, 10, 114);
insert into book2author (id, author_id, book_id) values (148, 7, 124);
insert into book2author (id, author_id, book_id) values (149, 16, 72);
insert into book2author (id, author_id, book_id) values (150, 11, 94);
insert into book2author (id, author_id, book_id) values (151, 9, 51);
insert into book2author (id, author_id, book_id) values (152, 11, 14);
insert into book2author (id, author_id, book_id) values (153, 7, 121);
insert into book2author (id, author_id, book_id) values (154, 9, 199);
insert into book2author (id, author_id, book_id) values (155, 14, 107);
insert into book2author (id, author_id, book_id) values (156, 6, 39);
insert into book2author (id, author_id, book_id) values (157, 5, 191);
insert into book2author (id, author_id, book_id) values (158, 4, 111);
insert into book2author (id, author_id, book_id) values (159, 11, 151);
insert into book2author (id, author_id, book_id) values (160, 9, 36);
insert into book2author (id, author_id, book_id) values (161, 16, 54);
insert into book2author (id, author_id, book_id) values (162, 5, 113);
insert into book2author (id, author_id, book_id) values (163, 17, 103);
insert into book2author (id, author_id, book_id) values (164, 15, 72);
insert into book2author (id, author_id, book_id) values (165, 7, 69);
insert into book2author (id, author_id, book_id) values (166, 12, 174);
insert into book2author (id, author_id, book_id) values (167, 15, 11);
insert into book2author (id, author_id, book_id) values (168, 16, 166);
insert into book2author (id, author_id, book_id) values (169, 10, 182);
insert into book2author (id, author_id, book_id) values (170, 20, 191);
insert into book2author (id, author_id, book_id) values (171, 17, 100);
insert into book2author (id, author_id, book_id) values (172, 5, 60);
insert into book2author (id, author_id, book_id) values (173, 9, 185);
insert into book2author (id, author_id, book_id) values (174, 17, 82);
insert into book2author (id, author_id, book_id) values (175, 1, 122);
insert into book2author (id, author_id, book_id) values (176, 5, 76);
insert into book2author (id, author_id, book_id) values (177, 16, 17);
insert into book2author (id, author_id, book_id) values (178, 11, 94);
insert into book2author (id, author_id, book_id) values (179, 2, 90);
insert into book2author (id, author_id, book_id) values (180, 19, 151);
insert into book2author (id, author_id, book_id) values (181, 15, 164);
insert into book2author (id, author_id, book_id) values (182, 19, 134);
insert into book2author (id, author_id, book_id) values (183, 10, 194);
insert into book2author (id, author_id, book_id) values (184, 7, 37);
insert into book2author (id, author_id, book_id) values (185, 9, 33);
insert into book2author (id, author_id, book_id) values (186, 6, 7);
insert into book2author (id, author_id, book_id) values (187, 7, 116);
insert into book2author (id, author_id, book_id) values (188, 13, 116);
insert into book2author (id, author_id, book_id) values (189, 8, 91);
insert into book2author (id, author_id, book_id) values (190, 20, 53);
insert into book2author (id, author_id, book_id) values (191, 15, 43);
insert into book2author (id, author_id, book_id) values (192, 12, 192);
insert into book2author (id, author_id, book_id) values (193, 5, 4);
insert into book2author (id, author_id, book_id) values (194, 7, 122);
insert into book2author (id, author_id, book_id) values (195, 19, 143);
insert into book2author (id, author_id, book_id) values (196, 6, 191);
insert into book2author (id, author_id, book_id) values (197, 7, 82);
insert into book2author (id, author_id, book_id) values (198, 10, 63);
insert into book2author (id, author_id, book_id) values (199, 19, 141);
insert into book2author (id, author_id, book_id) values (200, 20, 169);
